"";"id";"date";"round";"home_team_name";"home_goals";"away_team_name";"away_goals";"league";"country";"start_season";"end_season";"home_team_id";"away_team_id";"season_id";"league_id";"xGcasa";"xGtrasferta";"xGhomehome";"punti_homehome";"xGawayaway";"punti_awayaway";"xGhome_team_away";"punti_home_team_away";"xGaway_team_home";"punti_away_team_home";"classificahome";"classificatrasf";"risultato"
"1";16570;"2018-08-18 16:00:00";1;"Chievo";2;"Juventus";3;"Serie A";"Italy";"2018-08-19";"2019-05-26";26;20;2;1;1,051;2,259;0;0;0;0;0;0;0;0;0;0;"2"
"2";16583;"2018-08-19 18:30:00";1;"Bologna";0;"SPAL";1;"Serie A";"Italy";"2018-08-19";"2019-05-26";27;16;2;1;0,906;0,526;0;0;0;0;0;0;0;0;0;0;"2"
"3";16584;"2018-08-19 18:30:00";1;"Empoli";2;"Cagliari";0;"Serie A";"Italy";"2018-08-19";"2019-05-26";5;3;2;1;1,459;0,574;0;0;0;0;0;0;0;0;0;0;"1"
"4";16585;"2018-08-19 18:30:00";1;"Sassuolo";1;"Internazionale";0;"Serie A";"Italy";"2018-08-19";"2019-05-26";9;22;2;1;1,404;1,204;0;0;0;0;0;0;0;0;0;0;"1"
"5";16586;"2018-08-19 16:00:00";1;"Torino";0;"Roma";1;"Serie A";"Italy";"2018-08-19";"2019-05-26";7;19;2;1;0,496;1,18;0;0;0;0;0;0;0;0;0;0;"2"
"6";16587;"2018-08-18 17:30:00";1;"Lazio";1;"Napoli";2;"Serie A";"Italy";"2018-08-19";"2019-05-26";23;8;2;1;1,082;1,519;0;0;0;0;0;0;0;0;0;0;"2"
"7";16597;"2018-08-20 18:30:00";1;"Atalanta";4;"Frosinone";0;"Serie A";"Italy";"2018-08-19";"2019-05-26";2;10;2;1;2,668;0,348;0;0;0;0;0;0;0;0;0;0;"1"
"8";16598;"2018-08-19 18:30:00";1;"Parma";2;"Udinese";2;"Serie A";"Italy";"2018-08-19";"2019-05-26";21;24;2;1;1,554;1,995;0;0;0;0;0;0;0;0;0;0;"X"
"9";16621;"2018-08-25 18:30:00";2;"Napoli";3;"Milan";2;"Serie A";"Italy";"2018-08-19";"2019-05-26";8;18;2;1;2,037;0,521;0;0;0;0;0;0;0;0;0;0;"1"
"10";16622;"2018-08-25 16:00:00";2;"Juventus";2;"Lazio";0;"Serie A";"Italy";"2018-08-19";"2019-05-26";20;23;2;1;1,507;0,315;0;0;0;0;0;0;0;0;0;0;"1"
"11";16635;"2018-08-26 18:30:00";2;"Udinese";1;"Sampdoria";0;"Serie A";"Italy";"2018-08-19";"2019-05-26";24;25;2;1;1,798;0,585;0;0;0;0;0;0;0;0;0;0;"1"
"12";16636;"2018-08-26 18:30:00";2;"Internazionale";2;"Torino";2;"Serie A";"Italy";"2018-08-19";"2019-05-26";22;7;2;1;0,789;0,921;0;0;0;0;0;0;0;0;0;0;"X"
"13";16637;"2018-08-26 18:30:00";1;"Genoa";2;"Empoli";1;"Serie A";"Italy";"2018-08-19";"2019-05-26";11;5;2;1;0,95;1,257;0;0;0;0;0;0;0;0;0;0;"1"
"14";16638;"2018-08-26 18:30:00";2;"Frosinone";0;"Bologna";0;"Serie A";"Italy";"2018-08-19";"2019-05-26";10;27;2;1;1,779;0,924;0;0;0;0;0;0;0;0;0;0;"X"
"15";16639;"2018-08-26 18:30:00";1;"Fiorentina";6;"Chievo";1;"Serie A";"Italy";"2018-08-19";"2019-05-26";4;26;2;1;3,333;0,637;0;0;0;0;0;0;0;0;0;0;"1"
"16";16640;"2018-08-26 18:30:00";2;"Cagliari";2;"Sassuolo";2;"Serie A";"Italy";"2018-08-19";"2019-05-26";3;9;2;1;1,522;1,785;0;0;0;0;0;0;0;0;0;0;"X"
"17";16641;"2018-08-26 16:00:00";2;"SPAL";1;"Parma";0;"Serie A";"Italy";"2018-08-19";"2019-05-26";16;21;2;1;1,408;0,153;0;0;0;0;0;0;0;0;0;0;"1"
"18";16650;"2018-08-27 18:30:00";2;"Roma";3;"Atalanta";3;"Serie A";"Italy";"2018-08-19";"2019-05-26";19;2;2;1;2,229;2,353;0;0;0;0;0;0;0;0;0;0;"X"
"19";16651;"2018-08-31 18:30:00";2;"Milan";2;"Roma";1;"Serie A";"Italy";"2018-08-19";"2019-05-26";18;19;2;1;1,692;0,311;0;0;0;0;0;0;0;0;0;0;"1"
"20";16660;"2018-09-01 18:30:00";3;"Parma";1;"Juventus";2;"Serie A";"Italy";"2018-08-19";"2019-05-26";21;20;2;1;1,906;2,184;0;0;0;0;0;0;0;0;0;0;"2"
"21";16661;"2018-09-01 16:00:00";3;"Bologna";0;"Internazionale";3;"Serie A";"Italy";"2018-08-19";"2019-05-26";27;22;2;1;0,494;2,459;0;0;0;0;0;0;0;0;0;0;"2"
"22";16671;"2018-09-02 16:00:00";2;"Fiorentina";1;"Udinese";0;"Serie A";"Italy";"2018-08-19";"2019-05-26";4;24;2;1;1,103;0,165;0;0;0;0;0;0;0;0;0;0;"1"
"23";16677;"2018-09-02 17:30:00";3;"Torino";1;"SPAL";0;"Serie A";"Italy";"2018-08-19";"2019-05-26";7;16;2;1;2,019;0,656;0;0;0;0;0;0;0;0;0;0;"1"
"24";16678;"2018-09-02 17:30:00";3;"Sassuolo";5;"Genoa";3;"Serie A";"Italy";"2018-08-19";"2019-05-26";9;11;2;1;2,056;1,888;0;0;0;0;0;0;0;0;0;0;"1"
"25";16679;"2018-09-02 17:30:00";2;"Sampdoria";3;"Napoli";0;"Serie A";"Italy";"2018-08-19";"2019-05-26";25;8;2;1;0,829;1,116;0;0;0;0;0;0;0;0;0;0;"1"
"26";16680;"2018-09-02 17:30:00";3;"Atalanta";0;"Cagliari";1;"Serie A";"Italy";"2018-08-19";"2019-05-26";2;3;2;1;0,323;0,25;0;0;0;0;0;0;0;0;0;0;"2"
"27";16681;"2018-09-02 17:30:00";3;"Chievo";0;"Empoli";0;"Serie A";"Italy";"2018-08-19";"2019-05-26";26;5;2;1;1,269;1,358;0;0;0;0;0;0;0;0;0;0;"X"
"28";16682;"2018-09-02 17:30:00";3;"Lazio";1;"Frosinone";0;"Serie A";"Italy";"2018-08-19";"2019-05-26";23;10;2;1;2,852;0,491;0;0;0;0;0;0;0;0;0;0;"1"
"29";16693;"2018-09-15 15:00:00";4;"Napoli";1;"Fiorentina";0;"Serie A";"Italy";"2018-08-19";"2019-05-26";8;4;2;1;1,316;0,346;0;0;0;0;0;0;0;0;0;0;"1"
"30";16694;"2018-09-15 12:00:00";4;"Internazionale";0;"Parma";1;"Serie A";"Italy";"2018-08-19";"2019-05-26";22;21;2;1;1,385;0,297;0;0;0;0;0;0;0;0;0;0;"2"
"31";16699;"2018-09-16 18:30:00";4;"Cagliari";1;"Milan";1;"Serie A";"Italy";"2018-08-19";"2019-05-26";3;18;2;1;0,433;2,487;0;0;0;0;0;0;0;0;0;0;"X"
"32";16700;"2018-09-16 16:00:00";4;"Empoli";0;"Lazio";1;"Serie A";"Italy";"2018-08-19";"2019-05-26";5;23;2;1;1,49;2,743;0;0;0;0;0;0;0;0;0;0;"2"
"33";16701;"2018-09-16 13:00:00";4;"Udinese";1;"Torino";1;"Serie A";"Italy";"2018-08-19";"2019-05-26";24;7;2;1;0,265;0,671;0;0;0;0;0;0;0;0;0;0;"X"
"34";16702;"2018-09-16 12:00:00";3;"Genoa";1;"Bologna";0;"Serie A";"Italy";"2018-08-19";"2019-05-26";11;27;2;1;0,488;0,667;0;0;0;0;0;0;0;0;0;0;"1"
"35";16703;"2018-09-16 12:00:00";4;"Juventus";2;"Sassuolo";1;"Serie A";"Italy";"2018-08-19";"2019-05-26";20;9;2;1;2,85;0,74;0;0;0;0;0;0;0;0;0;0;"1"
"36";16704;"2018-09-16 10:30:00";4;"Roma";2;"Chievo";2;"Serie A";"Italy";"2018-08-19";"2019-05-26";19;26;2;1;2,72;1,176;0;0;0;0;0;0;0;0;0;0;"X"
"37";16705;"2018-09-15 17:30:00";4;"Frosinone";0;"Sampdoria";5;"Serie A";"Italy";"2018-08-19";"2019-05-26";10;25;2;1;0,413;2,542;0;0;0;0;0;0;0;0;0;0;"2"
"38";16713;"2018-09-17 18:30:00";4;"SPAL";2;"Atalanta";0;"Serie A";"Italy";"2018-08-19";"2019-05-26";16;2;2;1;1,792;0,789;0;0;0;0;0;0;0;0;0;0;"1"
"39";18220;"2018-09-19 17:00:00";4;"Sampdoria";1;"Fiorentina";1;"Serie A";"Italy";"2018-08-19";"2019-05-26";25;4;2;1;0,456;1,707;0;0;0;0;0;0;0;0;0;0;"X"
"40";18402;"2018-09-21 17:30:00";5;"Sassuolo";3;"Empoli";1;"Serie A";"Italy";"2018-08-19";"2019-05-26";9;5;2;1;2,096;1,037;0;0;0;0;0;0;0;0;0;0;"1"
"41";18416;"2018-09-22 12:00:00";5;"Parma";2;"Cagliari";0;"Serie A";"Italy";"2018-08-19";"2019-05-26";21;3;2;1;2,04;0,719;0;0;0;0;0;0;0;0;0;0;"1"
"42";18438;"2018-09-23 13:00:00";5;"Lazio";4;"Genoa";1;"Serie A";"Italy";"2018-08-19";"2019-05-26";23;11;2;1;2,81;0,67;0;0;0;0;0;0;0;0;0;0;"1"
"43";18439;"2018-09-23 13:00:00";5;"Chievo";0;"Udinese";2;"Serie A";"Italy";"2018-08-19";"2019-05-26";26;24;2;1;1,575;1,115;0;0;0;0;0;0;0;0;0;0;"2"
"44";18440;"2018-09-23 13:00:00";5;"Bologna";2;"Roma";0;"Serie A";"Italy";"2018-08-19";"2019-05-26";27;19;2;1;0,885;3,204;0;0;0;0;0;0;0;0;0;0;"1"
"45";18441;"2018-09-23 10:30:00";5;"Torino";1;"Napoli";3;"Serie A";"Italy";"2018-08-19";"2019-05-26";7;8;2;1;1,086;2,358;0;0;0;0;0;0;0;0;0;0;"2"
"46";18442;"2018-09-22 17:30:00";5;"Sampdoria";0;"Internazionale";1;"Serie A";"Italy";"2018-08-19";"2019-05-26";25;22;2;1;0,399;0,802;0;0;0;0;0;0;0;0;0;0;"2"
"47";18443;"2018-09-22 15:00:00";5;"Fiorentina";3;"SPAL";0;"Serie A";"Italy";"2018-08-19";"2019-05-26";4;16;2;1;1,716;0,722;0;0;0;0;0;0;0;0;0;0;"1"
"48";18476;"2018-09-23 17:30:00";5;"Frosinone";0;"Juventus";2;"Serie A";"Italy";"2018-08-19";"2019-05-26";10;20;2;1;0,062;2,917;0;0;0;0;0;0;0;0;0;0;"2"
"49";18477;"2018-09-23 15:00:00";4;"Milan";2;"Atalanta";2;"Serie A";"Italy";"2018-08-19";"2019-05-26";18;2;2;1;2,351;2,085;0;0;0;0;0;0;0;0;0;0;"X"
"50";18973;"2018-09-25 18:00:00";6;"Internazionale";2;"Fiorentina";1;"Serie A";"Italy";"2018-08-19";"2019-05-26";22;4;2;1;1,859;1,788;0;0;0;0;0;0;0;0;0;0;"1"
"51";18992;"2018-09-27 17:00:00";6;"SPAL";0;"Sassuolo";2;"Serie A";"Italy";"2018-08-19";"2019-05-26";16;9;2;1;1,024;2,086;0;0;0;0;0;0;0;0;0;0;"2"
"52";18993;"2018-09-26 18:00:00";5;"Genoa";2;"Chievo";0;"Serie A";"Italy";"2018-08-19";"2019-05-26";11;26;2;1;1,618;1,602;0;0;0;0;0;0;0;0;0;0;"1"
"53";18994;"2018-09-26 18:00:00";6;"Roma";4;"Frosinone";0;"Serie A";"Italy";"2018-08-19";"2019-05-26";19;10;2;1;2,532;0,488;0;0;0;0;0;0;0;0;0;0;"1"
"54";18995;"2018-09-26 18:00:00";6;"Napoli";3;"Parma";0;"Serie A";"Italy";"2018-08-19";"2019-05-26";8;21;2;1;2,859;0,085;0;0;0;0;0;0;0;0;0;0;"1"
"55";18996;"2018-09-26 18:00:00";6;"Juventus";2;"Bologna";0;"Serie A";"Italy";"2018-08-19";"2019-05-26";20;27;2;1;0,851;0,325;0;0;0;0;0;0;0;0;0;0;"1"
"56";18997;"2018-09-26 18:00:00";6;"Cagliari";0;"Sampdoria";0;"Serie A";"Italy";"2018-08-19";"2019-05-26";3;25;2;1;0,952;2,251;0;0;0;0;0;0;0;0;0;0;"X"
"57";18998;"2018-09-26 18:00:00";6;"Atalanta";0;"Torino";0;"Serie A";"Italy";"2018-08-19";"2019-05-26";2;7;2;1;0,672;0,224;0;0;0;0;0;0;0;0;0;0;"X"
"58";18999;"2018-09-26 16:00:00";6;"Udinese";1;"Lazio";2;"Serie A";"Italy";"2018-08-19";"2019-05-26";24;23;2;1;0,842;1,503;0;0;0;0;0;0;0;0;0;0;"2"
"59";19015;"2018-09-27 18:00:00";6;"Empoli";1;"Milan";1;"Serie A";"Italy";"2018-08-19";"2019-05-26";5;18;2;1;1,177;1,529;0;0;0;0;0;0;0;0;0;0;"X"
"60";19029;"2018-09-29 18:30:00";7;"Internazionale";2;"Cagliari";0;"Serie A";"Italy";"2018-08-19";"2019-05-26";22;3;2;1;1,053;0,144;0;0;0;0;0;0;0;0;0;0;"1"
"61";19030;"2018-09-29 16:00:00";7;"Juventus";3;"Napoli";1;"Serie A";"Italy";"2018-08-19";"2019-05-26";20;8;2;1;3,045;1,424;0;0;0;0;0;0;0;0;0;0;"1"
"62";19031;"2018-09-29 13:00:00";7;"Roma";3;"Lazio";1;"Serie A";"Italy";"2018-08-19";"2019-05-26";19;23;2;1;2,457;0,885;0;0;0;0;0;0;0;0;0;0;"1"
"63";19061;"2018-09-30 16:00:00";7;"Parma";1;"Empoli";0;"Serie A";"Italy";"2018-08-19";"2019-05-26";21;5;2;1;0,645;1,445;0;0;0;0;0;0;0;0;0;0;"1"
"64";19062;"2018-09-30 13:00:00";7;"Fiorentina";2;"Atalanta";0;"Serie A";"Italy";"2018-08-19";"2019-05-26";4;2;2;1;1,02;0,681;0;0;0;0;0;0;0;0;0;0;"1"
"65";19063;"2018-09-30 13:00:00";7;"Frosinone";1;"Genoa";2;"Serie A";"Italy";"2018-08-19";"2019-05-26";10;11;2;1;1,288;1,086;0;0;0;0;0;0;0;0;0;0;"2"
"66";19064;"2018-09-30 13:00:00";7;"Chievo";0;"Torino";1;"Serie A";"Italy";"2018-08-19";"2019-05-26";26;7;2;1;0,315;1,484;0;0;0;0;0;0;0;0;0;0;"2"
"67";19065;"2018-09-30 10:30:00";7;"Bologna";2;"Udinese";1;"Serie A";"Italy";"2018-08-19";"2019-05-26";27;24;2;1;1,361;0,997;0;0;0;0;0;0;0;0;0;0;"1"
"68";19145;"2018-10-01 18:30:00";7;"Sampdoria";2;"SPAL";1;"Serie A";"Italy";"2018-08-19";"2019-05-26";25;16;2;1;1,667;1,169;0;0;0;0;0;0;0;0;0;0;"1"
"69";19146;"2018-09-30 18:30:00";7;"Sassuolo";1;"Milan";4;"Serie A";"Italy";"2018-08-19";"2019-05-26";9;18;2;1;0,704;1,305;0;0;0;0;0;0;0;0;0;0;"2"
"70";19165;"2018-10-05 18:30:00";8;"Torino";3;"Frosinone";2;"Serie A";"Italy";"2018-08-19";"2019-05-26";7;10;2;1;1,919;1,94;0;0;0;0;0;0;0;0;0;0;"1"
"71";19181;"2018-10-06 18:30:00";8;"Empoli";0;"Roma";2;"Serie A";"Italy";"2018-08-19";"2019-05-26";5;19;2;1;1,998;0,863;0;0;0;0;0;0;0;0;0;0;"2"
"72";19182;"2018-10-06 16:00:00";8;"Udinese";0;"Juventus";2;"Serie A";"Italy";"2018-08-19";"2019-05-26";24;20;2;1;0,742;2,814;0;0;0;0;0;0;0;0;0;0;"2"
"73";19183;"2018-10-06 13:00:00";8;"Cagliari";2;"Bologna";0;"Serie A";"Italy";"2018-08-19";"2019-05-26";3;27;2;1;1,908;0,381;0;0;0;0;0;0;0;0;0;0;"1"
"74";19228;"2018-10-07 18:30:00";8;"SPAL";1;"Internazionale";2;"Serie A";"Italy";"2018-08-19";"2019-05-26";16;22;2;1;3,079;1,341;0;0;0;0;0;0;0;0;0;0;"2"
"75";19229;"2018-10-07 16:00:00";8;"Napoli";2;"Sassuolo";0;"Serie A";"Italy";"2018-08-19";"2019-05-26";8;9;2;1;1,768;0,926;0;0;0;0;0;0;0;0;0;0;"1"
"76";19230;"2018-10-07 13:00:00";8;"Atalanta";0;"Sampdoria";1;"Serie A";"Italy";"2018-08-19";"2019-05-26";2;25;2;1;2,18;0,438;0;0;0;0;0;0;0;0;0;0;"2"
"77";19231;"2018-10-07 13:00:00";7;"Milan";3;"Chievo";1;"Serie A";"Italy";"2018-08-19";"2019-05-26";18;26;2;1;2,55;0,412;0;0;0;0;0;0;0;0;0;0;"1"
"78";19232;"2018-10-07 13:00:00";8;"Lazio";1;"Fiorentina";0;"Serie A";"Italy";"2018-08-19";"2019-05-26";23;4;2;1;1,386;1,007;0;0;0;0;0;0;0;0;0;0;"1"
"79";19233;"2018-10-07 10:30:00";7;"Genoa";1;"Parma";3;"Serie A";"Italy";"2018-08-19";"2019-05-26";11;21;2;1;1,532;1,16;0;0;0;0;0;0;0;0;0;0;"2"
"80";19304;"2018-10-20 18:30:00";9;"Udinese";0;"Napoli";3;"Serie A";"Italy";"2018-08-19";"2019-05-26";24;8;2;1;1,721;2,005;0;0;0;0;0;0;0;0;0;0;"2"
"81";19305;"2018-10-20 16:00:00";9;"Juventus";1;"Genoa";1;"Serie A";"Italy";"2018-08-19";"2019-05-26";20;11;2;1;1,846;0,853;0;0;0;0;0;0;0;0;0;0;"X"
"82";19306;"2018-10-20 13:00:00";9;"Roma";0;"SPAL";2;"Serie A";"Italy";"2018-08-19";"2019-05-26";19;16;2;1;1,626;1,891;0;0;0;0;0;0;0;0;0;0;"2"
"83";19332;"2018-10-21 18:30:00";9;"Internazionale";1;"Milan";0;"Serie A";"Italy";"2018-08-19";"2019-05-26";22;18;2;1;2,09;0,646;0;0;0;0;0;0;0;0;0;0;"1"
"84";19333;"2018-10-21 16:00:00";9;"Fiorentina";1;"Cagliari";1;"Serie A";"Italy";"2018-08-19";"2019-05-26";4;3;2;1;1,4;0,922;0;0;0;0;0;0;0;0;0;0;"X"
"85";19334;"2018-10-21 12:00:00";9;"Parma";0;"Lazio";2;"Serie A";"Italy";"2018-08-19";"2019-05-26";21;23;2;1;0,251;2,863;0;0;0;0;0;0;0;0;0;0;"2"
"86";19335;"2018-10-21 13:00:00";9;"Bologna";2;"Torino";2;"Serie A";"Italy";"2018-08-19";"2019-05-26";27;7;2;1;1,495;0,697;0;0;0;0;0;0;0;0;0;0;"X"
"87";19336;"2018-10-21 12:00:00";9;"Chievo";1;"Atalanta";5;"Serie A";"Italy";"2018-08-19";"2019-05-26";26;2;2;1;0,856;2,174;0;0;0;0;0;0;0;0;0;0;"2"
"88";19337;"2018-10-21 10:30:00";9;"Frosinone";3;"Empoli";3;"Serie A";"Italy";"2018-08-19";"2019-05-26";10;5;2;1;1,047;1,19;0;0;0;0;0;0;0;0;0;0;"X"
"89";19356;"2018-10-22 18:30:00";9;"Sampdoria";0;"Sassuolo";0;"Serie A";"Italy";"2018-08-19";"2019-05-26";25;9;2;1;1,284;0,642;0;0;0;0;0;0;0;0;0;0;"X"
"90";27520;"2018-10-27 18:30:00";10;"Torino";1;"Fiorentina";1;"Serie A";"Italy";"2018-08-19";"2019-05-26";7;4;2;1;0,958;1,19;1,5025;1,5;1,50066666666667;0,333333333333333;0,769;1,5;1,37866666666667;2,33333333333333;13;14;"X"
"91";27521;"2018-10-27 15:00:00";10;"Empoli";1;"Juventus";2;"Serie A";"Italy";"2018-08-19";"2019-05-26";5;20;2;1;0,272;1,485;1,555;0,333333333333333;2,8655;3;1,224;0,333333333333333;2,148;2,5;6;25;"2"
"92";27522;"2018-10-27 13:00:00";10;"Atalanta";3;"Parma";0;"Serie A";"Italy";"2018-08-19";"2019-05-26";2;21;2;1;2,984;1,376;1,426;0,5;0,514;2;1,43225;1;0,978666666666667;2;9;13;"1"
"93";27568;"2018-10-28 18:30:00";10;"Napoli";1;"Roma";1;"Serie A";"Italy";"2018-08-19";"2019-05-26";8;19;2;1;2,039;0,784;1,981;3;2,0335;1,5;1,929;2;2,33375;1,75;21;14;"X"
"94";27569;"2018-10-28 17:00:00";9;"Milan";3;"Sampdoria";2;"Serie A";"Italy";"2018-08-19";"2019-05-26";18;25;2;1;2,183;0,55;0;0;0;0;0;0;0;0;0;0;"1"
"95";27570;"2018-10-28 14:00:00";9;"Genoa";2;"Udinese";2;"Serie A";"Italy";"2018-08-19";"2019-05-26";11;24;2;1;1,77;0,628;0;0;0;0;0;0;0;0;0;0;"X"
"96";27571;"2018-10-28 14:00:00";10;"SPAL";0;"Frosinone";3;"Serie A";"Italy";"2018-08-19";"2019-05-26";16;10;2;1;0,725;1,357;1,965;1;1,214;0;1,26066666666667;1;0,7025;0,25;12;2;"2"
"97";27572;"2018-10-28 13:00:00";10;"Cagliari";2;"Chievo";1;"Serie A";"Italy";"2018-08-19";"2019-05-26";3;26;2;1;1,477;1,189;1,09766666666667;1,66666666666667;1,06333333333333;0,333333333333333;0,595;0,333333333333333;0,915333333333333;0;10;2;"1"
"98";27573;"2018-10-28 10:30:00";10;"Sassuolo";2;"Bologna";2;"Serie A";"Italy";"2018-08-19";"2019-05-26";9;27;2;1;1,937;1,507;1,4;1,5;0,457666666666667;0;1,0985;1;1,247;2,33333333333333;14;8;"X"
"99";27594;"2018-10-29 19:30:00";10;"Lazio";0;"Internazionale";3;"Serie A";"Italy";"2018-08-19";"2019-05-26";23;22;2;1;1,235;1,619;2,098;3;1,0715;3;1,9985;2,25;1,59675;2,25;18;19;"2"
"100";27607;"2018-10-31 19:30:00";10;"Milan";2;"Genoa";1;"Serie A";"Italy";"2018-08-19";"2019-05-26";18;11;2;1;1,535;0,383;2,36133333333333;2,33333333333333;0,869666666666667;1,33333333333333;1,16;1,33333333333333;1,64;1,33333333333333;15;14;"1"
"101";27611;"2018-11-02 19:30:00";11;"Napoli";5;"Empoli";1;"Serie A";"Italy";"2018-08-19";"2019-05-26";8;5;2;1;2,451;0,765;2,222;2,33333333333333;1,224;0,333333333333333;1,929;2;1,149;0,333333333333333;22;6;"1"
"102";27631;"2018-11-03 16:00:00";11;"Fiorentina";1;"Roma";1;"Serie A";"Italy";"2018-08-19";"2019-05-26";4;19;2;1;1,225;1,98;1,37866666666667;2,33333333333333;1,617;1,33333333333333;1,32833333333333;0,333333333333333;2,205;2;15;15;"X"
"103";27632;"2018-11-03 14:00:00";11;"Internazionale";5;"Genoa";0;"Serie A";"Italy";"2018-08-19";"2019-05-26";22;11;2;1;3,365;0,257;1,66733333333333;3;0,774;1,33333333333333;1,254;3;1,64;1,33333333333333;22;14;"1"
"104";27659;"2018-11-04 18:30:00";11;"Udinese";0;"Milan";1;"Serie A";"Italy";"2018-08-19";"2019-05-26";24;18;2;1;0,441;0,787;1,10166666666667;0;1,16;1,33333333333333;0,913333333333333;1,33333333333333;2,08933333333333;3;9;18;"2"
"105";27660;"2018-11-04 17:00:00";11;"Bologna";1;"Atalanta";2;"Serie A";"Italy";"2018-08-19";"2019-05-26";27;2;2;1;1,824;1,855;1,247;2,33333333333333;1,64666666666667;1,33333333333333;0,737666666666667;0,333333333333333;1,94533333333333;1,33333333333333;9;12;"2"
"106";27661;"2018-11-04 14:00:00";11;"Chievo";0;"Sassuolo";2;"Serie A";"Italy";"2018-08-19";"2019-05-26";26;9;2;1;0,535;1,145;0,915333333333333;0;1,218;1,33333333333333;1,06766666666667;0;1,579;1,33333333333333;2;15;"2"
"107";27662;"2018-11-04 14:00:00";11;"Parma";0;"Frosinone";0;"Serie A";"Italy";"2018-08-19";"2019-05-26";21;10;2;1;0,584;0,424;0,978666666666667;2;1,26166666666667;1;0,873666666666666;1;0,799;0,333333333333333;13;5;"X"
"108";27663;"2018-11-04 14:00:00";11;"Sampdoria";1;"Torino";4;"Serie A";"Italy";"2018-08-19";"2019-05-26";25;7;2;1;2,191;2,067;1,11666666666667;1,33333333333333;0,801666666666667;1,66666666666667;1,07966666666667;1,33333333333333;1,321;1,33333333333333;15;14;"2"
"109";27664;"2018-11-04 11:30:00";11;"Lazio";4;"SPAL";1;"Serie A";"Italy";"2018-08-19";"2019-05-26";23;16;2;1;2,541;0,92;1,81033333333333;2;1,26066666666667;1;1,75033333333333;2;1,60933333333333;0;18;12;"1"
"110";27665;"2018-11-03 19:30:00";11;"Juventus";3;"Cagliari";1;"Serie A";"Italy";"2018-08-19";"2019-05-26";20;3;2;1;2,113;0,726;1,914;2,33333333333333;0,595;0,333333333333333;2,40533333333333;3;1,44566666666667;2,33333333333333;28;13;"1"
"111";27704;"2018-11-09 19:30:00";12;"Frosinone";1;"Fiorentina";1;"Serie A";"Italy";"2018-08-19";"2019-05-26";10;4;2;1;0,687;2,17;1,1675;0,5;1,32833333333333;0,333333333333333;1,05225;1;1,215;1,66666666666667;6;16;"X"
"112";27726;"2018-11-10 19:30:00";12;"Genoa";1;"Napoli";2;"Serie A";"Italy";"2018-08-19";"2019-05-26";11;8;2;1;0,876;1,789;1,651;0,5;1,7145;1,5;0,64475;1;2,27925;2,5;14;25;"2"
"113";27727;"2018-11-10 16:00:00";12;"SPAL";2;"Cagliari";2;"Serie A";"Italy";"2018-08-19";"2019-05-26";16;3;2;1;1,918;1,005;1,60933333333333;0;0,597333333333333;0,333333333333333;1,32666666666667;1;1,44566666666667;2,33333333333333;12;13;"X"
"114";27728;"2018-11-10 13:00:00";12;"Torino";1;"Parma";2;"Serie A";"Italy";"2018-08-19";"2019-05-26";7;21;2;1;2,338;1,603;1,4385;2;0,873666666666666;1;1,118;2;0,493333333333333;1,33333333333333;17;14;"2"
"115";27766;"2018-11-11 18:30:00";12;"Milan";0;"Juventus";2;"Serie A";"Italy";"2018-08-19";"2019-05-26";18;20;2;1;0,821;1,534;2,08933333333333;3;2,1495;3;0,912666666666667;2;1,96375;2,5;21;31;"2"
"116";27767;"2018-11-11 17:00:00";12;"Sassuolo";1;"Lazio";1;"Serie A";"Italy";"2018-08-19";"2019-05-26";9;23;2;1;0,542;1,489;1,3205;0,5;1,75033333333333;2;1,19975;1,75;1,72066666666667;2;18;21;"X"
"117";27768;"2018-11-11 14:00:00";12;"Chievo";2;"Bologna";2;"Serie A";"Italy";"2018-08-19";"2019-05-26";26;27;2;1;2,246;1,844;0,568666666666667;0;0,737666666666667;0,333333333333333;1,06766666666667;0;1,56;1,33333333333333;2;9;"X"
"118";27769;"2018-11-11 14:00:00";12;"Empoli";2;"Udinese";1;"Serie A";"Italy";"2018-08-19";"2019-05-26";5;24;2;1;1,547;3,754;1,149;0,333333333333333;0,8125;0,5;1,13333333333333;0,333333333333333;0,9365;0;6;9;"1"
"119";27770;"2018-11-11 14:00:00";12;"Roma";4;"Sampdoria";1;"Serie A";"Italy";"2018-08-19";"2019-05-26";19;25;2;1;3,041;0,632;2,205;2;1,07966666666667;1,33333333333333;1,209;1,66666666666667;1,714;1,33333333333333;16;15;"1"
"120";27771;"2018-11-11 11:30:00";12;"Atalanta";4;"Internazionale";1;"Serie A";"Italy";"2018-08-19";"2019-05-26";2;22;2;1;4,132;1,32;1,94533333333333;1,33333333333333;1,48;3;1,57;2;2,09175;3;15;25;"1"
"121";28427;"2018-11-24 19:30:00";13;"Internazionale";3;"Frosinone";0;"Serie A";"Italy";"2018-08-19";"2019-05-26";22;10;2;1;2,907;0,196;2,16933333333333;3;1,24033333333333;1,33333333333333;1,42666666666667;2;1,00733333333333;0,666666666666667;25;7;"1"
"122";28428;"2018-11-24 17:00:00";13;"Juventus";2;"SPAL";0;"Serie A";"Italy";"2018-08-19";"2019-05-26";20;16;2;1;1,824;0,33;2,33466666666667;2,33333333333333;1,32666666666667;1;1,94433333333333;3;1,90733333333333;0,333333333333333;34;13;"1"
"123";28429;"2018-11-24 14:00:00";13;"Udinese";1;"Roma";0;"Serie A";"Italy";"2018-08-19";"2019-05-26";24;19;2;1;1,367;1,25;0,968;0;1,209;1,66666666666667;1,793;0,333333333333333;2,37466666666667;2;9;19;"1"
"124";28461;"2018-11-25 19:30:00";13;"Genoa";1;"Sampdoria";1;"Serie A";"Italy";"2018-08-19";"2019-05-26";11;25;2;1;1,995;0,654;1,39266666666667;0,333333333333333;0,54;1;0,497666666666667;0,333333333333333;1,714;1,33333333333333;14;15;"X"
"125";28462;"2018-11-25 17:00:00";13;"Lazio";1;"Milan";1;"Serie A";"Italy";"2018-08-19";"2019-05-26";23;18;2;1;0,997;0,406;1,72066666666667;2;0,7165;1,5;1,74566666666667;1,33333333333333;1,77225;2,25;22;21;"X"
"126";28463;"2018-11-25 14:00:00";13;"Bologna";0;"Fiorentina";0;"Serie A";"Italy";"2018-08-19";"2019-05-26";27;4;2;1;0,327;1,624;1,56;1,33333333333333;1,45566666666667;0,666666666666667;1,244;0,666666666666667;1,215;1,66666666666667;10;17;"X"
"127";28464;"2018-11-25 14:00:00";13;"Empoli";3;"Atalanta";2;"Serie A";"Italy";"2018-08-19";"2019-05-26";5;2;2;1;2,431;2,021;1,27233333333333;1;1,57;2;1,13333333333333;0,333333333333333;3,09866666666667;2;9;18;"1"
"128";28465;"2018-11-25 14:00:00";13;"Napoli";0;"Chievo";0;"Serie A";"Italy";"2018-08-19";"2019-05-26";8;26;2;1;1,307;0,34;2,086;2,33333333333333;0,8005;0;1,73933333333333;2;0,988;0,25;28;3;"X"
"129";28466;"2018-11-25 11:30:00";13;"Parma";2;"Sassuolo";1;"Serie A";"Italy";"2018-08-19";"2019-05-26";21;9;2;1;2,213;1,519;0,493333333333333;1,33333333333333;0,904333333333333;1,33333333333333;1,37966666666667;2;1,061;0,666666666666667;17;19;"1"
"130";28483;"2018-11-26 19:30:00";13;"Cagliari";0;"Torino";0;"Serie A";"Italy";"2018-08-19";"2019-05-26";3;7;2;1;0,159;0,855;1,6925;3;1,416;2,33333333333333;0,69925;0,5;1,73833333333333;1,33333333333333;14;17;"X"
"131";28637;"2018-12-01 19:30:00";14;"Sampdoria";4;"Bologna";1;"Serie A";"Italy";"2018-08-19";"2019-05-26";25;27;2;1;1,671;0,988;1,7375;0,5;1,244;0,666666666666667;0,5685;1;1,21533333333333;0,666666666666667;16;11;"1"
"132";28638;"2018-12-01 17:00:00";14;"Fiorentina";0;"Juventus";3;"Serie A";"Italy";"2018-08-19";"2019-05-26";4;20;2;1;1,159;1,739;1,3125;1;1,94433333333333;3;1,49775;0,75;1,92766666666667;2,33333333333333;18;37;"2"
"133";28639;"2018-12-01 14:00:00";14;"SPAL";2;"Empoli";2;"Serie A";"Italy";"2018-08-19";"2019-05-26";16;5;2;1;0,718;2,247;1,90733333333333;0,333333333333333;0,9775;0,5;1,047;1;1,562;1,5;13;12;"X"
"134";28666;"2018-12-02 19:30:00";14;"Roma";2;"Internazionale";2;"Serie A";"Italy";"2018-08-19";"2019-05-26";19;22;2;1;1,716;2,209;2,3335;1,5;1,42666666666667;2;1,21925;1,25;2,78733333333333;3;19;28;"X"
"135";28667;"2018-12-02 17:00:00";14;"Chievo";1;"Lazio";1;"Serie A";"Italy";"2018-08-19";"2019-05-26";26;23;2;1;1,101;1,028;1,21233333333333;0,333333333333333;2,176;2;0,647;0,333333333333333;1,53975;1,75;4;23;"X"
"136";28668;"2018-12-02 14:00:00";14;"Frosinone";1;"Cagliari";1;"Serie A";"Italy";"2018-08-19";"2019-05-26";10;3;2;1;1,689;1,83;0,867;1;0,884333333333333;0,666666666666667;0,97925;1;1,18133333333333;2,33333333333333;7;15;"X"
"137";28669;"2018-12-02 14:00:00";14;"Sassuolo";0;"Udinese";0;"Serie A";"Italy";"2018-08-19";"2019-05-26";9;24;2;1;1,83;0,143;1,2395;1;2,191;0,5;1,058;1;1,06775;0,75;19;12;"X"
"138";28670;"2018-12-02 14:00:00";14;"Torino";2;"Genoa";1;"Serie A";"Italy";"2018-08-19";"2019-05-26";7;11;2;1;2,388;1,638;1,73833333333333;1,33333333333333;0,497666666666667;0,333333333333333;1,20633333333333;1,66666666666667;1,547;0,666666666666667;18;15;"1"
"139";28671;"2018-12-02 11:30:00";14;"Milan";2;"Parma";1;"Serie A";"Italy";"2018-08-19";"2019-05-26";18;21;2;1;1,352;1,251;1,513;2;1,37966666666667;2;0,613;1,33333333333333;1,016;1,33333333333333;22;20;"1"
"140";28698;"2018-12-03 19:30:00";14;"Atalanta";1;"Napoli";2;"Serie A";"Italy";"2018-08-19";"2019-05-26";2;8;2;1;1,157;1,784;3,09866666666667;2;1,897;3;2,01666666666667;2;1,89125;2;18;29;"2"
"141";28728;"2018-12-07 19:30:00";15;"Juventus";1;"Internazionale";0;"Serie A";"Italy";"2018-08-19";"2019-05-26";20;22;2;1;1,482;1,044;1,92766666666667;2,33333333333333;1,716;1,33333333333333;1,586;3;2,78733333333333;3;40;29;"1"
"142";28752;"2018-12-08 19:30:00";15;"Lazio";2;"Sampdoria";2;"Serie A";"Italy";"2018-08-19";"2019-05-26";23;25;2;1;4,2;0,935;1,591;1,33333333333333;0,612;0,333333333333333;1,79333333333333;1,66666666666667;1,71533333333333;1,33333333333333;24;19;"X"
"143";28753;"2018-12-08 17:00:00";15;"Cagliari";2;"Roma";2;"Serie A";"Italy";"2018-08-19";"2019-05-26";3;19;2;1;1,492;1,778;0,818;2;1,338;0,666666666666667;1,12075;0,75;2,12766666666667;1,33333333333333;16;20;"X"
"144";28754;"2018-12-08 14:00:00";15;"Napoli";4;"Frosinone";0;"Serie A";"Italy";"2018-08-19";"2019-05-26";8;10;2;1;2,439;0,267;1,93233333333333;1,66666666666667;0,659;1,33333333333333;1,85933333333333;3;1,141;1;32;8;"1"
"145";28777;"2018-12-09 19:30:00";15;"Milan";0;"Torino";0;"Serie A";"Italy";"2018-08-19";"2019-05-26";18;7;2;1;1,321;1;1,47275;2,25;1,20633333333333;1,66666666666667;0,5965;2;1,89466666666667;1,33333333333333;25;21;"X"
"146";28778;"2018-12-09 17:00:00";15;"Genoa";1;"SPAL";1;"Serie A";"Italy";"2018-08-19";"2019-05-26";11;16;2;1;0,991;2,652;1,547;0,666666666666667;1,047;1;0,759333333333333;0;1,12033333333333;0,666666666666667;15;14;"X"
"147";28779;"2018-12-09 14:00:00";15;"Empoli";2;"Bologna";1;"Serie A";"Italy";"2018-08-19";"2019-05-26";5;27;2;1;2,371;2,084;1,41666666666667;2;1,44633333333333;0,666666666666667;1,40066666666667;0,666666666666667;1,21533333333333;0,666666666666667;13;11;"1"
"148";28780;"2018-12-09 14:00:00";15;"Parma";1;"Chievo";1;"Serie A";"Italy";"2018-08-19";"2019-05-26";21;26;2;1;1,572;1,483;1,016;1,33333333333333;0,7645;0,5;1,41;1;1,1845;0,5;20;5;"X"
"149";28781;"2018-12-09 14:00:00";15;"Udinese";1;"Atalanta";3;"Serie A";"Italy";"2018-08-19";"2019-05-26";24;2;2;1;0,901;2,261;1,17633333333333;1;2,01666666666667;2;1,50833333333333;0,666666666666667;2,75766666666667;2;13;18;"2"
"150";28782;"2018-12-09 11:30:00";15;"Sassuolo";3;"Fiorentina";3;"Serie A";"Italy";"2018-08-19";"2019-05-26";9;4;2;1;1,095;2,201;1,43633333333333;1;1,66133333333333;1;1,102;1,33333333333333;1,26133333333333;0,666666666666667;20;18;"X"
"151";28827;"2018-12-15 19:30:00";16;"Torino";0;"Juventus";1;"Serie A";"Italy";"2018-08-19";"2019-05-26";7;20;2;1;0,61;1,35;1,89466666666667;1,33333333333333;1,586;3;1,30733333333333;1,66666666666667;1,80633333333333;3;22;43;"2"
"152";28828;"2018-12-15 17:00:00";16;"Internazionale";1;"Udinese";0;"Serie A";"Italy";"2018-08-19";"2019-05-26";22;24;2;1;2,2;0,32;3,136;3;1,50833333333333;0,666666666666667;1,548;1;0,903;1;29;13;"1"
"153";28853;"2018-12-16 19:30:00";16;"Roma";3;"Genoa";2;"Serie A";"Italy";"2018-08-19";"2019-05-26";19;11;2;1;1,873;2,142;2,3785;2;0,759333333333333;0;1,448;0,75;1,28733333333333;0,666666666666667;21;16;"1"
"154";28854;"2018-12-16 17:00:00";16;"Cagliari";0;"Napoli";1;"Serie A";"Italy";"2018-08-19";"2019-05-26";3;8;2;1;0,657;0,976;1,04266666666667;1,66666666666667;1,7865;3;1,187;0,666666666666667;2,059;2;17;35;"2"
"155";28855;"2018-12-16 14:00:00";16;"Fiorentina";3;"Empoli";1;"Serie A";"Italy";"2018-08-19";"2019-05-26";4;5;2;1;1,589;1,394;1,192;0,5;1,506;0,5;1,79625;1;1,65525;2,25;19;16;"1"
"156";28856;"2018-12-16 14:00:00";16;"Frosinone";0;"Sassuolo";2;"Serie A";"Italy";"2018-08-19";"2019-05-26";10;9;2;1;0,415;1,177;1,188;1;1,332;1,5;0,561;1;1,351;1;8;21;"2"
"157";28857;"2018-12-16 14:00:00";16;"Sampdoria";2;"Parma";0;"Serie A";"Italy";"2018-08-19";"2019-05-26";25;21;2;1;1,716;0,711;1,931;1,5;1,41;1;0,69275;0,5;1,45633333333333;1,66666666666667;20;21;"1"
"158";28858;"2018-12-16 11:30:00";16;"SPAL";0;"Chievo";0;"Serie A";"Italy";"2018-08-19";"2019-05-26";16;26;2;1;0,589;0,94;1,12033333333333;0,666666666666667;1,004;0,666666666666667;1,30066666666667;0,333333333333333;1,294;0,666666666666667;15;6;"X"
"159";28871;"2018-12-17 19:30:00";16;"Atalanta";1;"Lazio";0;"Serie A";"Italy";"2018-08-19";"2019-05-26";2;23;2;1;0,761;0,684;2,75766666666667;2;1,2585;1;2,04566666666667;2;2,24325;1,25;21;25;"1"
"160";28873;"2018-12-18 19:30:00";16;"Bologna";0;"Milan";0;"Serie A";"Italy";"2018-08-19";"2019-05-26";27;18;2;1;0,372;0,666;1,0755;0,5;0,5965;2;1,60575;0,5;1,25725;1,75;11;26;"X"
"161";28900;"2018-12-22 19:30:00";17;"Juventus";1;"Roma";0;"Serie A";"Italy";"2018-08-19";"2019-05-26";20;19;2;1;2,278;0,253;1,80633333333333;3;1,66933333333333;0,666666666666667;1,541;3;2,21;2,33333333333333;46;24;"1"
"162";28901;"2018-12-22 17:00:00";17;"Chievo";1;"Internazionale";1;"Serie A";"Italy";"2018-08-19";"2019-05-26";26;22;2;1;0,607;2,142;1,294;0,666666666666667;1,52433333333333;0,333333333333333;0,921;1;2,824;3;7;32;"X"
"163";28902;"2018-12-22 17:00:00";17;"Parma";0;"Bologna";0;"Serie A";"Italy";"2018-08-19";"2019-05-26";21;27;2;1;0,777;0,265;1,45633333333333;1,66666666666667;1,63866666666667;0,333333333333333;1,18833333333333;1;0,841;0,666666666666667;21;12;"X"
"164";28903;"2018-12-22 14:00:00";17;"Empoli";2;"Sampdoria";4;"Serie A";"Italy";"2018-08-19";"2019-05-26";5;25;2;1;1,25;1,9;2,11633333333333;3;0,740333333333333;0,666666666666667;1,46866666666667;0,333333333333333;1,85933333333333;2;16;23;"2"
"165";28904;"2018-12-22 14:00:00";17;"Genoa";3;"Atalanta";1;"Serie A";"Italy";"2018-08-19";"2019-05-26";11;2;2;1;1,397;2,662;1,28733333333333;0,666666666666667;2,04566666666667;2;1,34566666666667;0;2,01666666666667;2;16;24;"1"
"166";28905;"2018-12-22 14:00:00";17;"Milan";0;"Fiorentina";1;"Serie A";"Italy";"2018-08-19";"2019-05-26";18;4;2;1;0,719;0,283;1,16466666666667;1,33333333333333;1,99833333333333;1;0,619666666666667;1,66666666666667;1,32433333333333;1,33333333333333;27;22;"2"
"167";28906;"2018-12-22 14:00:00";17;"Napoli";1;"SPAL";0;"Serie A";"Italy";"2018-08-19";"2019-05-26";8;16;2;1;2,604;0,548;2,06566666666667;2,33333333333333;1,30066666666667;0,333333333333333;1,51633333333333;3;1,075;1;38;16;"1"
"168";28907;"2018-12-22 14:00:00";17;"Sassuolo";1;"Torino";1;"Serie A";"Italy";"2018-08-19";"2019-05-26";9;7;2;1;2,512;0,264;1,15566666666667;1;1,30733333333333;1,66666666666667;1,28033333333333;2;1,77866666666667;1;24;22;"X"
"169";28908;"2018-12-22 14:00:00";17;"Udinese";1;"Frosinone";1;"Serie A";"Italy";"2018-08-19";"2019-05-26";24;10;2;1;0,369;1,222;0,903;1;0,295666666666667;0,333333333333333;1,40566666666667;0,333333333333333;0,930333333333333;0,666666666666667;13;8;"X"
"170";28909;"2018-12-22 11:30:00";17;"Lazio";3;"Cagliari";1;"Serie A";"Italy";"2018-08-19";"2019-05-26";23;3;2;1;2,592;1,813;2,57933333333333;1,66666666666667;1,187;0,666666666666667;1,067;0,666666666666667;0,769333333333333;0,666666666666667;25;17;"1"
"171";28975;"2018-12-26 19:30:00";18;"Internazionale";1;"Napoli";0;"Serie A";"Italy";"2018-08-19";"2019-05-26";22;8;2;1;1,069;0,759;2,5535;3;1,51633333333333;3;1,67875;0,5;2,11666666666667;2,33333333333333;33;41;"1"
"172";28976;"2018-12-26 17:00:00";18;"Roma";3;"Sassuolo";1;"Serie A";"Italy";"2018-08-19";"2019-05-26";19;9;2;1;4,117;0,591;2,21;2,33333333333333;1,348;1,5;1,09366666666667;0,333333333333333;1,49475;1;24;25;"1"
"173";28977;"2018-12-26 17:00:00";18;"SPAL";0;"Udinese";0;"Serie A";"Italy";"2018-08-19";"2019-05-26";16;24;2;1;0,664;0,198;1,075;1;1,40566666666667;0,333333333333333;1,17666666666667;0,333333333333333;0,879;1,33333333333333;16;14;"X"
"174";28978;"2018-12-26 17:00:00";18;"Torino";3;"Empoli";0;"Serie A";"Italy";"2018-08-19";"2019-05-26";7;5;2;1;1,2;0,22;1,77866666666667;1;1,8205;0,5;0,706333333333333;1;1,89975;2,25;23;16;"1"
"175";28979;"2018-12-26 14:00:00";18;"Atalanta";2;"Juventus";2;"Serie A";"Italy";"2018-08-19";"2019-05-26";2;20;2;1;1,747;1,05;2,01666666666667;2;1,541;3;2,31466666666667;1;1,86133333333333;3;24;49;"X"
"176";28980;"2018-12-26 14:00:00";18;"Bologna";0;"Lazio";2;"Serie A";"Italy";"2018-08-19";"2019-05-26";27;23;2;1;0,183;1,474;0,3495;1;1,067;0,666666666666667;1,29525;0,5;2,59633333333333;1,66666666666667;13;28;"2"
"177";28981;"2018-12-26 14:00:00";18;"Cagliari";1;"Genoa";0;"Serie A";"Italy";"2018-08-19";"2019-05-26";3;11;2;1;1,508;0,615;0,769333333333333;0,666666666666667;1,89;0;1,54933333333333;0,666666666666667;1,31475;1,25;17;19;"1"
"178";28982;"2018-12-26 14:00:00";18;"Fiorentina";0;"Parma";1;"Serie A";"Italy";"2018-08-19";"2019-05-26";4;21;2;1;1,489;0,477;1,374;1,5;1,18833333333333;1;1,5695;1,5;1,52066666666667;1,66666666666667;25;22;"2"
"179";28983;"2018-12-26 14:00:00";18;"Sampdoria";2;"Chievo";0;"Serie A";"Italy";"2018-08-19";"2019-05-26";25;26;2;1;0,696;0,286;1,6935;3;0,921;1;1,03025;1,25;1,318;1;26;8;"1"
"180";28984;"2018-12-26 11:30:00";18;"Frosinone";0;"Milan";0;"Serie A";"Italy";"2018-08-19";"2019-05-26";10;18;2;1;0,8;1,662;0,930333333333333;0,666666666666667;0,536;1;0,561666666666667;0,333333333333333;1,05325;1;9;27;"X"
"181";28994;"2018-12-29 19:30:00";19;"Milan";2;"SPAL";1;"Serie A";"Italy";"2018-08-19";"2019-05-26";18;16;2;1;2,156;0,569;1,13066666666667;1,33333333333333;1,17666666666667;0,333333333333333;0,911333333333333;1;0,657;1;28;17;"1"
"182";28995;"2018-12-29 17:00:00";19;"Napoli";3;"Bologna";2;"Serie A";"Italy";"2018-08-19";"2019-05-26";8;27;2;1;1,873;0,742;2,11666666666667;2,33333333333333;1,11233333333333;0,333333333333333;1,173;2;0,294;0,666666666666667;41;13;"1"
"183";28996;"2018-12-29 14:00:00";19;"Chievo";1;"Frosinone";0;"Serie A";"Italy";"2018-08-19";"2019-05-26";26;10;2;1;1,034;0,631;0,854;1;0,561666666666667;0,333333333333333;0,76225;0,75;0,968;0,666666666666667;8;10;"1"
"184";28997;"2018-12-29 14:00:00";19;"Empoli";0;"Internazionale";1;"Serie A";"Italy";"2018-08-19";"2019-05-26";5;22;2;1;0,431;0,925;2,01733333333333;2;1,79833333333333;0,666666666666667;1,287;0,333333333333333;2,05866666666667;3;16;36;"2"
"185";28998;"2018-12-29 14:00:00";19;"Genoa";0;"Fiorentina";0;"Serie A";"Italy";"2018-08-19";"2019-05-26";11;4;2;1;0,563;1,88;1,461;1,66666666666667;1,36933333333333;1,66666666666667;1,465;0;1,41233333333333;1;19;25;"X"
"186";28999;"2018-12-29 14:00:00";19;"Lazio";1;"Torino";1;"Serie A";"Italy";"2018-08-19";"2019-05-26";23;7;2;1;0,992;1,7;2,59633333333333;1,66666666666667;0,706333333333333;1;1,062;1,33333333333333;1,39933333333333;2;31;26;"X"
"187";29000;"2018-12-29 14:00:00";19;"Parma";0;"Roma";2;"Serie A";"Italy";"2018-08-19";"2019-05-26";21;19;2;1;0,478;1,718;1,52066666666667;1,66666666666667;1,09366666666667;0,333333333333333;0,813;1;2,56866666666667;2,33333333333333;25;27;"2"
"188";29001;"2018-12-29 14:00:00";19;"Sassuolo";2;"Atalanta";6;"Serie A";"Italy";"2018-08-19";"2019-05-26";9;2;2;1;1,071;3,423;1,81233333333333;1;2,31466666666667;1;1,09566666666667;1;1,22166666666667;1,33333333333333;25;25;"2"
"189";29002;"2018-12-29 14:00:00";19;"Udinese";2;"Cagliari";0;"Serie A";"Italy";"2018-08-19";"2019-05-26";24;3;2;1;1,995;0,328;0,879;1,33333333333333;1,8215;0,5;0,220333333333333;0,666666666666667;0,954;1,25;15;20;"1"
"190";29003;"2018-12-29 11:30:00";19;"Juventus";2;"Sampdoria";1;"Serie A";"Italy";"2018-08-19";"2019-05-26";20;25;2;1;1,419;1,233;1,86133333333333;3;1,163;1,66666666666667;1,37966666666667;2,33333333333333;1,361;3;50;29;"1"
"191";42422;"2019-01-19 19:30:00";20;"Internazionale";0;"Sassuolo";0;"Serie A";"Italy";"2018-08-19";"2019-05-26";22;9;2;1;1,24;1,381;1,6345;3;0,884;1,5;1,58;1,25;1,627;0,75;39;25;"X"
"192";42423;"2019-01-19 17:00:00";20;"Udinese";1;"Parma";2;"Serie A";"Italy";"2018-08-19";"2019-05-26";24;21;2;1;1,467;2,41;1,08833333333333;1,33333333333333;0,813;1;0,220333333333333;0,666666666666667;0,942333333333333;0,666666666666667;18;25;"2"
"193";42424;"2019-01-19 14:00:00";20;"Roma";3;"Torino";2;"Serie A";"Italy";"2018-08-19";"2019-05-26";19;7;2;1;3,061;1,406;2,56866666666667;2,33333333333333;0,988;1;1,24966666666667;1,33333333333333;1,39933333333333;2;30;27;"1"
"194";42455;"2019-01-20 19:30:00";20;"Napoli";2;"Lazio";1;"Serie A";"Italy";"2018-08-19";"2019-05-26";8;23;2;1;2,065;1,424;2,30533333333333;3;1,062;1,33333333333333;1,173;2;2,59466666666667;1,66666666666667;44;32;"1"
"195";42456;"2019-01-20 17:00:00";20;"Cagliari";2;"Empoli";2;"Serie A";"Italy";"2018-08-19";"2019-05-26";3;5;2;1;0,912;1,241;1,219;1,33333333333333;1,287;0,333333333333333;1,32366666666667;0,333333333333333;1,35066666666667;1;20;16;"X"
"196";42457;"2019-01-20 14:00:00";20;"SPAL";1;"Bologna";1;"Serie A";"Italy";"2018-08-19";"2019-05-26";16;27;2;1;1,413;1,44;0,657;1;1,01975;0,25;1,25633333333333;0,333333333333333;0,2775;0,5;17;13;"X"
"197";42458;"2019-01-20 14:00:00";20;"Fiorentina";3;"Sampdoria";3;"Serie A";"Italy";"2018-08-19";"2019-05-26";4;25;2;1;2,764;2,005;1,41233333333333;1;1,356;1,33333333333333;1,45466666666667;1,66666666666667;1,361;3;26;29;"X"
"198";42459;"2019-01-20 11:30:00";20;"Frosinone";0;"Atalanta";5;"Serie A";"Italy";"2018-08-19";"2019-05-26";10;2;2;1;0,57;2,544;0,968;0,666666666666667;2,782;2;0,706666666666667;0,333333333333333;1,22166666666667;1,33333333333333;10;28;"2"
"199";42464;"2019-01-21 19:30:00";20;"Juventus";3;"Chievo";0;"Serie A";"Italy";"2018-08-19";"2019-05-26";20;26;2;1;3,927;0,474;1,72633333333333;3;0,903;0,666666666666667;1,37966666666667;2,33333333333333;0,914;1,66666666666667;53;11;"1"
"200";42465;"2019-01-21 14:00:00";20;"Genoa";0;"Milan";2;"Serie A";"Italy";"2018-08-19";"2019-05-26";11;18;2;1;1,754;1,554;0,983666666666667;1,66666666666667;1,164;1;1,465;0;1,387;1,75;20;31;"2"
"201";42504;"2019-01-26 19:30:00";21;"Milan";0;"Napoli";0;"Serie A";"Italy";"2018-08-19";"2019-05-26";18;8;2;1;1,248;0,7;1,39866666666667;1,33333333333333;0,8675;1,5;1,294;1,66666666666667;2,24525;3;34;47;"X"
"202";42505;"2019-01-26 17:00:00";21;"Sampdoria";4;"Udinese";0;"Serie A";"Italy";"2018-08-19";"2019-05-26";25;24;2;1;3,504;0,265;1,206;3;0,259;0,5;1,51825;1,25;1,183;1;30;18;"1"
"203";42506;"2019-01-26 14:00:00";21;"Sassuolo";3;"Cagliari";0;"Serie A";"Italy";"2018-08-19";"2019-05-26";9;3;2;1;4,307;0,418;1,55933333333333;0,666666666666667;1,0705;0;1,04966666666667;1,33333333333333;1,14225;1,25;26;21;"1"
"204";42532;"2019-01-27 17:00:00";21;"Torino";1;"Internazionale";0;"Serie A";"Italy";"2018-08-19";"2019-05-26";7;22;2;1;0,618;0,771;0,905;1,5;1,37033333333333;1,33333333333333;1,0925;0,75;1,503;2,33333333333333;27;40;"1"
"205";42533;"2019-01-27 14:00:00";21;"Bologna";0;"Frosinone";4;"Serie A";"Italy";"2018-08-19";"2019-05-26";27;10;2;1;0,817;1,58;0,2775;0,5;0,706666666666667;0,333333333333333;1,13275;0,5;0,595;0,333333333333333;14;10;"2"
"206";42534;"2019-01-27 14:00:00";21;"Atalanta";3;"Roma";3;"Serie A";"Italy";"2018-08-19";"2019-05-26";2;19;2;1;2,359;1,864;1,254;2;1,24966666666667;1,33333333333333;2,7225;2,25;3,017;3;31;33;"X"
"207";42535;"2019-01-27 14:00:00";21;"Parma";2;"SPAL";3;"Serie A";"Italy";"2018-08-19";"2019-05-26";21;16;2;1;2,669;1,974;0,942333333333333;0,666666666666667;1,25633333333333;0,333333333333333;1,19933333333333;2;0,888666666666667;1;28;18;"2"
"208";42536;"2019-01-27 11:30:00";21;"Chievo";3;"Fiorentina";4;"Serie A";"Italy";"2018-08-19";"2019-05-26";26;4;2;1;3,36;2,355;0,8205;2;1,45466666666667;1,66666666666667;0,79575;0,5;1,94733333333333;1,33333333333333;11;27;"2"
"209";42549;"2019-01-27 19:30:00";21;"Lazio";1;"Juventus";2;"Serie A";"Italy";"2018-08-19";"2019-05-26";23;20;2;1;1,75;1,278;2,59466666666667;1,66666666666667;1,2;2;1,194;1;2,2765;3;32;56;"2"
"210";46161;"2019-01-28 19:30:00";21;"Empoli";1;"Genoa";3;"Serie A";"Italy";"2018-08-19";"2019-05-26";5;11;2;1;1,909;1,872;1,35066666666667;1;1,3785;0;0,951666666666667;0,333333333333333;1,17625;1,25;17;20;"2"
"211";46227;"2019-02-02 14:00:00";22;"Empoli";2;"Chievo";2;"Serie A";"Italy";"2018-08-19";"2019-05-26";5;26;2;1;2,767;1,715;1,19666666666667;0;0,566666666666667;0,333333333333333;0,951666666666667;0,333333333333333;1,667;1,33333333333333;17;11;"X"
"212";46266;"2019-02-03 19:30:00";22;"Roma";1;"Milan";1;"Serie A";"Italy";"2018-08-19";"2019-05-26";19;18;2;1;1,781;0,781;3,017;3;1,294;1,66666666666667;1,27833333333333;1,33333333333333;1,37433333333333;1,33333333333333;34;35;"X"
"213";46267;"2019-02-03 17:00:00";22;"Internazionale";0;"Bologna";1;"Serie A";"Italy";"2018-08-19";"2019-05-26";22;27;2;1;0,997;0,632;1,503;2,33333333333333;0,815666666666667;0,666666666666667;1,27933333333333;1,33333333333333;0,457333333333333;0,333333333333333;40;14;"2"
"214";46268;"2019-02-03 14:00:00";22;"Udinese";1;"Fiorentina";1;"Serie A";"Italy";"2018-08-19";"2019-05-26";24;4;2;1;1,42;0,591;1,277;1,33333333333333;1,506;2,33333333333333;0,261;0,333333333333333;1,94733333333333;1,33333333333333;18;30;"X"
"215";46269;"2019-02-03 14:00:00";22;"Genoa";1;"Sassuolo";1;"Serie A";"Italy";"2018-08-19";"2019-05-26";11;9;2;1;0,864;0,703;1,238;1,33333333333333;1,04966666666667;1,33333333333333;1,543;1;2,63;1,33333333333333;23;29;"X"
"216";46270;"2019-02-03 11:30:00";22;"SPAL";0;"Torino";0;"Serie A";"Italy";"2018-08-19";"2019-05-26";16;7;2;1;0,665;0,305;0,888666666666667;1;1,12333333333333;0,666666666666667;1,03033333333333;1;0,809333333333333;2;21;30;"X"
"217";46271;"2019-02-02 19:30:00";22;"Juventus";3;"Parma";3;"Serie A";"Italy";"2018-08-19";"2019-05-26";20;21;2;1;2,161;1,174;2,54133333333333;3;1,19933333333333;2;1,226;2,33333333333333;1,308;0,333333333333333;59;28;"X"
"218";46272;"2019-02-02 17:00:00";22;"Napoli";3;"Sampdoria";0;"Serie A";"Italy";"2018-08-19";"2019-05-26";8;25;2;1;1,991;0,826;2,18066666666667;3;1,71266666666667;1,33333333333333;0,811666666666667;1,33333333333333;1,972;3;48;33;"1"
"219";46279;"2019-02-04 20:00:00";22;"Cagliari";0;"Atalanta";1;"Serie A";"Italy";"2018-08-19";"2019-05-26";3;2;2;1;1,003;0,834;1,02566666666667;1,33333333333333;2,87633333333333;2;0,853;0;1,62233333333333;1,66666666666667;21;32;"2"
"220";46280;"2019-02-04 18:00:00";22;"Frosinone";0;"Lazio";1;"Serie A";"Italy";"2018-08-19";"2019-05-26";10;23;2;1;1,302;1,172;0,595;0,333333333333333;1,194;1;1,14433333333333;1,33333333333333;1,778;1,33333333333333;13;32;"2"
"221";46293;"2019-02-07 19:30:00";23;"Lazio";1;"Empoli";0;"Serie A";"Italy";"2018-08-19";"2019-05-26";23;5;2;1;2,045;0,475;1,778;1,33333333333333;0,7305;0,5;1,35666666666667;2;1,58925;0,25;35;18;"1"
"222";46337;"2019-02-09 19:30:00";23;"Parma";0;"Internazionale";1;"Serie A";"Italy";"2018-08-19";"2019-05-26";21;22;2;1;0,466;1,899;1,308;0,333333333333333;1,27933333333333;1,33333333333333;1,35366666666667;2,33333333333333;1,102;1,33333333333333;29;40;"2"
"223";46338;"2019-02-09 17:00:00";23;"Fiorentina";0;"Napoli";0;"Serie A";"Italy";"2018-08-19";"2019-05-26";4;8;2;1;0,641;3,033;2,1265;0,5;0,7295;0,5;1,27725;2;2,13325;3;31;51;"X"
"224";46339;"2019-02-08 19:30:00";23;"Chievo";0;"Roma";3;"Serie A";"Italy";"2018-08-19";"2019-05-26";26;19;2;1;1,12;1,531;1,667;1,33333333333333;1,27833333333333;1,33333333333333;0,825;0,333333333333333;2,98633333333333;2,33333333333333;12;35;"2"
"225";46377;"2019-02-10 19:30:00";23;"Milan";3;"Cagliari";0;"Serie A";"Italy";"2018-08-19";"2019-05-26";18;3;2;1;2,383;1,42;1,37433333333333;1,33333333333333;0,853;0;1,33233333333333;1,66666666666667;1,141;1,33333333333333;36;21;"1"
"226";46378;"2019-02-10 17:00:00";23;"Sassuolo";0;"Juventus";3;"Serie A";"Italy";"2018-08-19";"2019-05-26";9;20;2;1;0,437;2,109;2,63;1,33333333333333;1,164;2;0,891666666666667;0,666666666666667;2,44625;2,5;30;60;"2"
"227";46379;"2019-02-10 14:00:00";23;"Sampdoria";0;"Frosinone";1;"Serie A";"Italy";"2018-08-19";"2019-05-26";25;10;2;1;0,55;1,01;2,1;3;1,14433333333333;1,33333333333333;1,491;1;0,890666666666667;0,333333333333333;33;13;"2"
"228";46380;"2019-02-10 14:00:00";23;"Atalanta";2;"SPAL";1;"Serie A";"Italy";"2018-08-19";"2019-05-26";2;16;2;1;2,073;1,02;2,053;1;1,03033333333333;1;2,36575;2,25;0,914;1;35;22;"1"
"229";46381;"2019-02-10 14:00:00";23;"Torino";1;"Udinese";0;"Serie A";"Italy";"2018-08-19";"2019-05-26";7;24;2;1;2,459;1,729;0,909;3;0,2315;0,5;0,91875;0,75;1,31275;1,25;31;19;"1"
"230";46382;"2019-02-10 11:30:00";23;"Bologna";1;"Genoa";1;"Serie A";"Italy";"2018-08-19";"2019-05-26";27;11;2;1;1,356;1,36;0,5;0;1,2435;1,5;0,76975;1,25;1,1445;1,25;17;24;"X"
"231";46452;"2019-02-16 19:30:00";24;"Atalanta";1;"Milan";3;"Serie A";"Italy";"2018-08-19";"2019-05-26";2;18;2;1;1,012;0,88;2,05966666666667;1,66666666666667;1,33233333333333;1,66666666666667;2,267;3;1,929;2,33333333333333;38;39;"2"
"232";46453;"2019-02-16 17:00:00";24;"Cagliari";2;"Parma";1;"Serie A";"Italy";"2018-08-19";"2019-05-26";3;21;2;1;2,213;0,407;1,141;1,33333333333333;1,35366666666667;2,33333333333333;0,722;0;1,20433333333333;0;21;29;"1"
"233";46454;"2019-02-15 19:30:00";24;"Juventus";3;"Frosinone";0;"Serie A";"Italy";"2018-08-19";"2019-05-26";20;10;2;1;2,083;0,632;2,50233333333333;2,33333333333333;1,07366666666667;2;1,479;2,33333333333333;0,890666666666667;0,333333333333333;63;16;"1"
"234";46485;"2019-02-17 17:00:00";24;"Internazionale";2;"Sampdoria";1;"Serie A";"Italy";"2018-08-19";"2019-05-26";22;25;2;1;1,925;0,963;1,102;1,33333333333333;1,35466666666667;0,333333333333333;1,19833333333333;2;1,58333333333333;2;43;33;"1"
"235";46486;"2019-02-17 14:00:00";24;"Udinese";1;"Chievo";0;"Serie A";"Italy";"2018-08-19";"2019-05-26";24;26;2;1;1,287;1,786;1,62733333333333;1,33333333333333;0,825;0,333333333333333;0,730666666666667;0,333333333333333;1,838;1;19;12;"1"
"236";46487;"2019-02-17 14:00:00";24;"Genoa";2;"Lazio";1;"Serie A";"Italy";"2018-08-19";"2019-05-26";11;23;2;1;1,592;0,603;1,06033333333333;0,666666666666667;1,35666666666667;2;1,28233333333333;1,33333333333333;1,59566666666667;1,33333333333333;25;38;"1"
"237";46488;"2019-02-17 14:00:00";24;"Empoli";3;"Sassuolo";0;"Serie A";"Italy";"2018-08-19";"2019-05-26";5;9;2;1;1,507;0,623;1,70233333333333;0,333333333333333;0,891666666666667;0,666666666666667;0,645333333333333;0,333333333333333;1,93833333333333;1;18;30;"1"
"238";46489;"2019-02-17 11:30:00";24;"SPAL";1;"Fiorentina";4;"Serie A";"Italy";"2018-08-19";"2019-05-26";16;4;2;1;1,365;3,216;0,914;1;1,60866666666667;1,66666666666667;1,18766666666667;1;1,63133333333333;0,666666666666667;22;32;"2"
"239";46500;"2019-02-18 19:30:00";24;"Roma";2;"Bologna";1;"Serie A";"Italy";"2018-08-19";"2019-05-26";19;27;2;1;1,755;2,363;2,98633333333333;2,33333333333333;0,938;1,33333333333333;1,70433333333333;2,33333333333333;0,785333333333333;0,333333333333333;38;18;"1"
"240";46501;"2019-02-17 19:30:00";24;"Napoli";0;"Torino";0;"Serie A";"Italy";"2018-08-19";"2019-05-26";8;7;2;1;2,598;0,365;1,97633333333333;3;1,137;0,666666666666667;1,49733333333333;0,666666666666667;1,42566666666667;3;52;34;"X"
"241";46528;"2019-02-22 19:30:00";25;"Milan";3;"Empoli";0;"Serie A";"Italy";"2018-08-19";"2019-05-26";18;5;2;1;1,36;0,582;1,929;2,33333333333333;0,858;0,5;1,07166666666667;2,33333333333333;1,6535;1;42;21;"1"
"242";46561;"2019-02-23 19:30:00";25;"Frosinone";2;"Roma";3;"Serie A";"Italy";"2018-08-19";"2019-05-26";10;19;2;1;1,66;2,301;0,936;0;1,70433333333333;2,33333333333333;0,96325;1,5;2,199;2,33333333333333;16;41;"2"
"243";46562;"2019-02-23 14:00:00";25;"Torino";2;"Atalanta";0;"Serie A";"Italy";"2018-08-19";"2019-05-26";7;2;2;1;1,508;1,132;1,5385;3;2,267;3;0,944;0,75;1,81466666666667;1,33333333333333;35;38;"1"
"244";46601;"2019-02-24 19:30:00";25;"Fiorentina";3;"Internazionale";3;"Serie A";"Italy";"2018-08-19";"2019-05-26";4;22;2;1;1,517;1,577;1,7025;1;1,19833333333333;2;2,0105;2;1,38733333333333;1,33333333333333;35;46;"X"
"245";46602;"2019-02-24 17:00:00";25;"Parma";0;"Napoli";4;"Serie A";"Italy";"2018-08-19";"2019-05-26";21;8;2;1;0,443;1,409;1,20433333333333;0;1,8665;1;1,33033333333333;1,33333333333333;2,13175;2,5;29;53;"2"
"246";46603;"2019-02-24 14:00:00";25;"Chievo";0;"Genoa";0;"Serie A";"Italy";"2018-08-19";"2019-05-26";26;11;2;1;0,464;0,411;1,838;1;1,616;2;1,325;0,333333333333333;1,19325;1,25;12;28;"X"
"247";46604;"2019-02-24 14:00:00";25;"Bologna";0;"Juventus";1;"Serie A";"Italy";"2018-08-19";"2019-05-26";27;20;2;1;1,265;0,593;1,0865;0,5;1,6935;3;1,29425;1;2,3975;2,5;18;66;"2"
"248";46605;"2019-02-24 14:00:00";25;"Sassuolo";1;"SPAL";1;"Serie A";"Italy";"2018-08-19";"2019-05-26";9;16;2;1;0,317;1,006;1,93833333333333;1;1,18766666666667;1;0,902333333333333;0,666666666666667;1,14766666666667;0,666666666666667;30;22;"X"
"249";46606;"2019-02-24 11:30:00";25;"Sampdoria";1;"Cagliari";0;"Serie A";"Italy";"2018-08-19";"2019-05-26";25;3;2;1;3,207;0,593;2,027;1,5;0,722;0;1,25675;0,25;1,376;1,33333333333333;33;24;"1"
"250";47143;"2019-03-03 19:30:00";26;"Napoli";1;"Juventus";2;"Serie A";"Italy";"2018-08-19";"2019-05-26";8;20;2;1;2,054;0,586;2,218;2,33333333333333;1,32666666666667;3;1,714;1,66666666666667;2,72366666666667;2,33333333333333;56;69;"2"
"251";47144;"2019-03-03 17:00:00";26;"Atalanta";3;"Fiorentina";1;"Serie A";"Italy";"2018-08-19";"2019-05-26";2;4;2;1;1,857;0,412;1,81466666666667;1,33333333333333;2,054;2,33333333333333;1,50333333333333;2;1,64066666666667;1;38;36;"1"
"252";47145;"2019-03-03 14:00:00";26;"Udinese";2;"Bologna";1;"Serie A";"Italy";"2018-08-19";"2019-05-26";24;27;2;1;2,734;0,099;1,54225;1,75;1,47833333333333;1,33333333333333;0,997;0;1,146;0,333333333333333;22;18;"1"
"253";47146;"2019-03-03 14:00:00";26;"Genoa";0;"Frosinone";0;"Serie A";"Italy";"2018-08-19";"2019-05-26";11;10;2;1;0,857;0,16;1,40333333333333;1,33333333333333;1,074;2;1,21433333333333;1,66666666666667;1,17733333333333;0;29;16;"X"
"254";47147;"2019-03-03 14:00:00";26;"SPAL";1;"Sampdoria";2;"Serie A";"Italy";"2018-08-19";"2019-05-26";16;25;2;1;0,595;1,132;1,14766666666667;0,666666666666667;1,26466666666667;0,333333333333333;1,33333333333333;1,33333333333333;2,42033333333333;2;23;36;"2"
"255";47148;"2019-03-03 11:30:00";26;"Torino";3;"Chievo";0;"Serie A";"Italy";"2018-08-19";"2019-05-26";7;26;2;1;0,875;1,109;1,52833333333333;3;1,325;0,333333333333333;0,692;0,666666666666667;1,648;0,333333333333333;38;13;"1"
"256";47149;"2019-03-02 19:30:00";26;"Lazio";3;"Roma";0;"Serie A";"Italy";"2018-08-19";"2019-05-26";23;19;2;1;0,769;1,028;1,59566666666667;1,33333333333333;1,89866666666667;2,33333333333333;1,06633333333333;1;2,199;2,33333333333333;38;44;"1"
"257";47150;"2019-03-02 17:00:00";26;"Milan";1;"Sassuolo";0;"Serie A";"Italy";"2018-08-19";"2019-05-26";18;9;2;1;1,319;0,833;1,66366666666667;2,33333333333333;0,902333333333333;0,666666666666667;1,07166666666667;2,33333333333333;1,687;1,33333333333333;45;31;"1"
"258";47151;"2019-03-02 14:00:00";26;"Empoli";3;"Parma";3;"Serie A";"Italy";"2018-08-19";"2019-05-26";5;21;2;1;2,525;1,877;2,061;1,33333333333333;1,33033333333333;1,33333333333333;0,766;0,333333333333333;1,19266666666667;0;21;29;"X"
"259";47152;"2019-03-01 19:30:00";26;"Cagliari";2;"Internazionale";1;"Serie A";"Italy";"2018-08-19";"2019-05-26";3;22;2;1;2,081;2,089;1,376;1,33333333333333;1,41566666666667;1,33333333333333;0,810333333333333;0;1,38733333333333;1,33333333333333;24;47;"1"
"260";47174;"2019-03-08 19:30:00";27;"Juventus";4;"Udinese";1;"Serie A";"Italy";"2018-08-19";"2019-05-26";20;24;2;1;2,734;0,099;2,122;2;0,997;0;1,1415;3;1,727;1,75;72;25;"1"
"261";47219;"2019-03-09 19:30:00";27;"Chievo";1;"Milan";2;"Serie A";"Italy";"2018-08-19";"2019-05-26";26;18;2;1;0,263;1,705;1,648;0,333333333333333;0,8305;2;1,53666666666667;0,333333333333333;1,5775;2,5;13;48;"2"
"262";47220;"2019-03-09 17:00:00";27;"Parma";1;"Genoa";0;"Serie A";"Italy";"2018-08-19";"2019-05-26";21;11;2;1;1,505;0,595;1,19266666666667;0;1,21433333333333;1,66666666666667;1,15266666666667;0,666666666666667;1,10433333333333;1,66666666666667;30;30;"1"
"263";47265;"2019-03-10 17:00:00";27;"Sassuolo";1;"Napoli";1;"Serie A";"Italy";"2018-08-19";"2019-05-26";9;8;2;1;1,027;0,72;1,687;1,33333333333333;1,714;1,66666666666667;0,719666666666667;0,333333333333333;2,21433333333333;1,33333333333333;31;56;"X"
"264";47266;"2019-03-10 14:00:00";27;"Sampdoria";1;"Atalanta";2;"Serie A";"Italy";"2018-08-19";"2019-05-26";25;2;2;1;1,95;1,891;2,42033333333333;2;0,983;1,5;0,973666666666667;1;1,82525;1,75;39;41;"2"
"265";47267;"2019-03-10 14:00:00";27;"Internazionale";2;"SPAL";0;"Serie A";"Italy";"2018-08-19";"2019-05-26";22;16;2;1;0,742;0,167;1,461;1,5;1,33333333333333;1,33333333333333;1,584;1;0,875;0,333333333333333;47;23;"1"
"266";47268;"2019-03-10 14:00:00";27;"Frosinone";1;"Torino";2;"Serie A";"Italy";"2018-08-19";"2019-05-26";10;7;2;1;1,107;0,878;1,481;0;0,335;1;0,8455;1,75;1,365;3;17;41;"2"
"267";47269;"2019-03-10 11:30:00";27;"Bologna";2;"Cagliari";0;"Serie A";"Italy";"2018-08-19";"2019-05-26";27;3;2;1;3,334;0,528;1,146;0,333333333333333;0,810333333333333;0;1,03133333333333;1;1,76566666666667;2;18;27;"1"
"268";47282;"2019-03-11 19:30:00";27;"Roma";2;"Empoli";1;"Serie A";"Italy";"2018-08-19";"2019-05-26";19;5;2;1;1,142;0,191;1,768;2;0,5285;0;1,681;1,75;2,177;1,25;44;22;"1"
"269";47283;"2019-03-10 19:30:00";27;"Fiorentina";1;"Lazio";1;"Serie A";"Italy";"2018-08-19";"2019-05-26";4;23;2;1;0,769;1,028;1,079;1;1,06633333333333;1;1,6435;1,75;1,52133333333333;2;36;41;"X"
"270";47357;"2019-03-16 19:30:00";28;"Torino";2;"Bologna";3;"Serie A";"Italy";"2018-08-19";"2019-05-26";7;27;2;1;1,449;1,975;1,614;3;1,03133333333333;1;0,516;1,66666666666667;1,985;1,33333333333333;44;21;"2"
"271";47358;"2019-03-16 17:00:00";28;"SPAL";2;"Roma";1;"Serie A";"Italy";"2018-08-19";"2019-05-26";16;19;2;1;1,219;1,577;0,875;0,333333333333333;1,62;2;0,731;0,333333333333333;1,55933333333333;2,33333333333333;23;47;"1"
"272";47359;"2019-03-16 14:00:00";28;"Sassuolo";3;"Sampdoria";5;"Serie A";"Italy";"2018-08-19";"2019-05-26";9;25;2;1;1,81;2,5;0,593666666666667;0,666666666666667;0,973666666666667;1;0,719666666666667;0,333333333333333;1,90233333333333;1;32;39;"2"
"273";47360;"2019-03-15 19:30:00";28;"Cagliari";2;"Fiorentina";1;"Serie A";"Italy";"2018-08-19";"2019-05-26";3;4;2;1;2,204;0,714;1,76566666666667;2;1,40633333333333;1,33333333333333;0,847;0;0,975666666666667;1;27;37;"1"
"274";47400;"2019-03-17 17:00:00";28;"Napoli";4;"Udinese";2;"Serie A";"Italy";"2018-08-19";"2019-05-26";8;24;2;1;1,519;0,74;2,21433333333333;1,33333333333333;0,697666666666667;0;1,72066666666667;1,66666666666667;1,81366666666667;2,33333333333333;57;25;"1"
"275";47401;"2019-03-17 14:00:00";28;"Atalanta";1;"Chievo";1;"Serie A";"Italy";"2018-08-19";"2019-05-26";2;26;2;1;1,504;0,758;1,64733333333333;2;1,53666666666667;0,333333333333333;1,28566666666667;2;0,615666666666667;0,333333333333333;44;13;"X"
"276";47402;"2019-03-17 14:00:00";28;"Empoli";2;"Frosinone";1;"Serie A";"Italy";"2018-08-19";"2019-05-26";5;10;2;1;2,337;1,332;2,26633333333333;1,66666666666667;0,600666666666667;1,33333333333333;0,416;0;1,35633333333333;0;22;17;"1"
"277";47403;"2019-03-17 14:00:00";28;"Lazio";4;"Parma";1;"Serie A";"Italy";"2018-08-19";"2019-05-26";23;21;2;1;1,538;1,6;1,52133333333333;2;1,15266666666667;0,666666666666667;0,934333333333333;1,33333333333333;0,804666666666667;1;42;33;"1"
"278";47404;"2019-03-17 11:30:00";28;"Genoa";2;"Juventus";0;"Serie A";"Italy";"2018-08-19";"2019-05-26";11;20;2;1;1,051;0,31;1,10433333333333;1,66666666666667;1,096;3;0,788666666666667;0,666666666666667;2,326;2,33333333333333;30;75;"1"
"279";47409;"2019-03-17 19:30:00";28;"Milan";2;"Internazionale";3;"Serie A";"Italy";"2018-08-19";"2019-05-26";18;22;2;1;1,063;2,912;1,68733333333333;3;1,855;1,33333333333333;1,122;2,33333333333333;1,22133333333333;2;51;50;"2"
"280";47440;"2019-03-29 19:30:00";29;"Chievo";0;"Cagliari";3;"Serie A";"Italy";"2018-08-19";"2019-05-26";26;3;2;1;0,858;1,056;0,615666666666667;0,333333333333333;0,847;0;1,21766666666667;0,333333333333333;2,166;3;14;30;"2"
"281";47494;"2019-03-30 19:30:00";29;"Sampdoria";1;"Milan";0;"Serie A";"Italy";"2018-08-19";"2019-05-26";25;18;2;1;2,099;1,039;1,90233333333333;1;1,2925;3;1,53166666666667;2;1,53125;2,25;42;51;"1"
"282";47495;"2019-03-30 17:00:00";29;"Juventus";1;"Empoli";0;"Serie A";"Italy";"2018-08-19";"2019-05-26";20;5;2;1;1,344;0,367;2,4085;3;0,416;0;0,8995;2,25;2,123;2,33333333333333;75;25;"1"
"283";47496;"2019-03-30 14:00:00";29;"Udinese";2;"Genoa";0;"Serie A";"Italy";"2018-08-19";"2019-05-26";24;11;2;1;2,038;1,375;1,81366666666667;2,33333333333333;0,788666666666667;0,666666666666667;0,856;0;1,16666666666667;2,33333333333333;25;33;"1"
"284";47804;"2019-03-31 18:30:00";29;"Internazionale";0;"Lazio";1;"Serie A";"Italy";"2018-08-19";"2019-05-26";22;23;2;1;1,538;1,6;1,3335;3;0,934333333333333;1,33333333333333;2,11925;1,75;1,45066666666667;3;53;45;"2"
"285";47805;"2019-03-31 16:00:00";29;"Bologna";2;"Sassuolo";1;"Serie A";"Italy";"2018-08-19";"2019-05-26";27;9;2;1;2,033;0,712;1,985;1,33333333333333;0,728;0;1,479;1;0,89775;0,5;24;32;"1"
"286";47806;"2019-03-31 13:00:00";29;"Roma";1;"Napoli";4;"Serie A";"Italy";"2018-08-19";"2019-05-26";19;8;2;1;1,986;2,64;1,4485;3;1,72066666666667;1,66666666666667;1,60925;1,5;2,057;1,33333333333333;47;60;"2"
"287";47807;"2019-03-31 13:00:00";29;"Frosinone";0;"SPAL";1;"Serie A";"Italy";"2018-08-19";"2019-05-26";10;16;2;1;1,019;0,23;1,3835;0;0,731;0,333333333333333;0,7835;1;1,05966666666667;1;17;26;"2"
"288";47808;"2019-03-31 13:00:00";29;"Fiorentina";1;"Torino";1;"Serie A";"Italy";"2018-08-19";"2019-05-26";4;7;2;1;2,458;0,454;0,975666666666667;1;0,6215;2;1,44733333333333;1;1,57275;2,25;37;44;"X"
"289";47809;"2019-03-31 10:30:00";29;"Parma";1;"Atalanta";3;"Serie A";"Italy";"2018-08-19";"2019-05-26";21;2;2;1;0,989;3,889;0,804666666666667;1;1,5115;1,5;1,29466666666667;0,333333333333333;1,6115;1,75;33;45;"2"
"290";47833;"2019-04-02 19:00:00";30;"Cagliari";0;"Juventus";2;"Serie A";"Italy";"2018-08-19";"2019-05-26";3;20;2;1;0,451;3,242;2,166;3;0,496333333333333;2;0,725666666666667;1;2,05366666666667;3;33;78;"2"
"291";47834;"2019-04-02 17:00:00";30;"Milan";1;"Udinese";1;"Serie A";"Italy";"2018-08-19";"2019-05-26";18;24;2;1;2,038;1,375;1,24733333333333;2;0,856;0;1,208;2;2,01966666666667;3;51;28;"X"
"292";47852;"2019-04-03 19:00:00";30;"Roma";2;"Fiorentina";2;"Serie A";"Italy";"2018-08-19";"2019-05-26";19;4;2;1;1,52;0,887;1,62766666666667;2;1,44733333333333;1;1,63533333333333;1;1,58133333333333;1;47;38;"X"
"293";47853;"2019-04-03 19:00:00";30;"Genoa";0;"Internazionale";4;"Serie A";"Italy";"2018-08-19";"2019-05-26";11;22;2;1;0,452;2,362;1,16666666666667;2,33333333333333;2,19266666666667;1,33333333333333;0,793666666666667;0,333333333333333;1,40166666666667;2;33;53;"2"
"294";47854;"2019-04-03 19:00:00";30;"SPAL";1;"Lazio";0;"Serie A";"Italy";"2018-08-19";"2019-05-26";16;23;2;1;1,145;0,51;1,05966666666667;1;1,077;1,33333333333333;0,467666666666667;1,33333333333333;1,45066666666667;3;29;48;"1"
"295";47855;"2019-04-03 19:00:00";30;"Frosinone";3;"Parma";2;"Serie A";"Italy";"2018-08-19";"2019-05-26";10;21;2;1;1,956;2,022;1,262;0;1,29466666666667;0,333333333333333;0,708;0,333333333333333;0,979;1;17;33;"1"
"296";47856;"2019-04-03 19:00:00";30;"Torino";2;"Sampdoria";1;"Serie A";"Italy";"2018-08-19";"2019-05-26";7;25;2;1;0,866;0,175;1,27733333333333;2;1,53166666666667;2;0,565666666666667;1,66666666666667;2,41866666666667;2;45;45;"1"
"297";47857;"2019-04-03 17:00:00";30;"Empoli";2;"Napoli";1;"Serie A";"Italy";"2018-08-19";"2019-05-26";5;8;2;1;1,476;0,641;2,123;2,33333333333333;1,58966666666667;2,33333333333333;0,38;0;2,057;1,33333333333333;25;63;"1"
"298";47866;"2019-04-04 19:00:00";30;"Atalanta";4;"Bologna";1;"Serie A";"Italy";"2018-08-19";"2019-05-26";2;27;2;1;1,576;1,129;1,45766666666667;1,33333333333333;1,479;1;2,304;2;2,21066666666667;2;48;27;"1"
"299";47867;"2019-04-04 17:00:00";30;"Sassuolo";4;"Chievo";0;"Serie A";"Italy";"2018-08-19";"2019-05-26";9;26;2;1;2,161;1,466;1,05133333333333;0,666666666666667;1,21766666666667;0,333333333333333;0,722666666666667;0;0,528333333333333;0,333333333333333;32;14;"1"
"300";47934;"2019-04-06 18:30:00";31;"Sampdoria";0;"Roma";1;"Serie A";"Italy";"2018-08-19";"2019-05-26";25;19;2;1;1,319;1,658;2,41866666666667;2;1,63533333333333;1;1,269;2;1,54933333333333;1,33333333333333;45;48;"2"
"301";47935;"2019-04-06 16:00:00";31;"Juventus";2;"Milan";1;"Serie A";"Italy";"2018-08-19";"2019-05-26";20;18;2;1;1,855;1,473;2,039;3;1,372;1,5;1,18275;2,25;1,445;1,75;81;52;"1"
"302";47936;"2019-04-06 13:00:00";31;"Parma";0;"Torino";0;"Serie A";"Italy";"2018-08-19";"2019-05-26";21;7;2;1;0,76;0,856;0,979;1;0,666;2;1,833;0,333333333333333;1,1745;2,25;33;48;"X"
"303";47981;"2019-04-07 18:30:00";31;"Napoli";1;"Genoa";1;"Serie A";"Italy";"2018-08-19";"2019-05-26";8;11;2;1;1,989;0,922;1,7865;1,5;0,793666666666667;0,333333333333333;1,3525;1,75;0,786666666666667;1,33333333333333;63;33;"X"
"304";47982;"2019-04-07 16:00:00";31;"Internazionale";0;"Atalanta";0;"Serie A";"Italy";"2018-08-19";"2019-05-26";22;2;2;1;0,937;1,229;1,14;1,5;2,304;2;2,235;1,75;1,64566666666667;2,33333333333333;56;51;"X"
"305";47983;"2019-04-07 16:00:00";31;"Lazio";2;"Sassuolo";2;"Serie A";"Italy";"2018-08-19";"2019-05-26";23;9;2;1;1,528;1,414;1,1535;3;0,7725;0;0,93525;1;1,32875;1,25;48;35;"X"
"306";47984;"2019-04-07 13:00:00";31;"Udinese";3;"Empoli";2;"Serie A";"Italy";"2018-08-19";"2019-05-26";24;5;2;1;1,304;0,561;2,01966666666667;3;0,38;0;0,738;0,333333333333333;2,11266666666667;2,33333333333333;29;28;"1"
"307";47985;"2019-04-07 13:00:00";31;"Cagliari";2;"SPAL";1;"Serie A";"Italy";"2018-08-19";"2019-05-26";3;16;2;1;2,32;1,311;1,57866666666667;2;0,467666666666667;1,33333333333333;0,725666666666667;1;0,986333333333333;2;33;32;"1"
"308";47986;"2019-04-07 10:30:00";31;"Fiorentina";0;"Frosinone";1;"Serie A";"Italy";"2018-08-19";"2019-05-26";4;10;2;1;1,334;0,733;1,58133333333333;1;0,746;0,5;0,671;0,333333333333333;1,4355;0,75;39;20;"2"
"309";48002;"2019-04-08 18:30:00";31;"Bologna";3;"Chievo";0;"Serie A";"Italy";"2018-08-19";"2019-05-26";27;26;2;1;3,101;0,672;2,21066666666667;2;1,111;0,333333333333333;1,06766666666667;1;0,528333333333333;0,333333333333333;27;14;"1"
"310";48085;"2019-04-13 18:30:00";32;"Milan";1;"Lazio";0;"Serie A";"Italy";"2018-08-19";"2019-05-26";18;23;2;1;1,528;1,414;1,47333333333333;1,33333333333333;1,046;1,33333333333333;1,40566666666667;1;1,27833333333333;2,33333333333333;52;49;"1"
"311";48086;"2019-04-13 16:00:00";32;"Roma";1;"Udinese";0;"Serie A";"Italy";"2018-08-19";"2019-05-26";19;24;2;1;1,304;0,561;1,54933333333333;1,33333333333333;0,738;0,333333333333333;1,421;1;2,02533333333333;3;51;32;"1"
"312";48087;"2019-04-13 13:00:00";32;"SPAL";2;"Juventus";1;"Serie A";"Italy";"2018-08-19";"2019-05-26";16;20;2;1;0,983;0,525;0,986333333333333;2;1,37933333333333;2;0,569333333333333;1;1,97766666666667;3;32;84;"1"
"313";48135;"2019-04-14 18:30:00";32;"Frosinone";1;"Internazionale";3;"Serie A";"Italy";"2018-08-19";"2019-05-26";10;22;2;1;0,789;3,705;1,36066666666667;1;2,45433333333333;2;0,741666666666667;1,33333333333333;1,07233333333333;1,33333333333333;23;57;"2"
"314";48136;"2019-04-14 16:00:00";32;"Chievo";1;"Napoli";3;"Serie A";"Italy";"2018-08-19";"2019-05-26";26;8;2;1;0,172;1,458;0,5605;0;1,33366666666667;1,33333333333333;1,00125;0,25;1,854;1,33333333333333;14;64;"2"
"315";48137;"2019-04-14 13:00:00";32;"Fiorentina";0;"Bologna";0;"Serie A";"Italy";"2018-08-19";"2019-05-26";4;27;2;1;0,792;0,145;1,52033333333333;0,666666666666667;1,06766666666667;1;0,671;0,333333333333333;2,82266666666667;3;39;30;"X"
"316";48138;"2019-04-14 13:00:00";32;"Sampdoria";2;"Genoa";0;"Serie A";"Italy";"2018-08-19";"2019-05-26";25;11;2;1;2,469;0,737;1,78933333333333;1;0,964;0,333333333333333;1,269;2;0,786666666666667;1,33333333333333;45;34;"1"
"317";48139;"2019-04-14 13:00:00";32;"Sassuolo";0;"Parma";0;"Serie A";"Italy";"2018-08-19";"2019-05-26";9;21;2;1;1,254;0,828;1,666;1,33333333333333;1,833;0,333333333333333;0,986333333333333;0,333333333333333;1,08466666666667;1,33333333333333;36;34;"X"
"318";48140;"2019-04-14 10:30:00";32;"Torino";1;"Cagliari";1;"Serie A";"Italy";"2018-08-19";"2019-05-26";7;3;2;1;1,178;0,866;1,06333333333333;2;0,792;1,5;0,729333333333333;1,66666666666667;1,764;2,25;49;36;"X"
"319";48147;"2019-04-15 18:30:00";32;"Atalanta";0;"Empoli";0;"Serie A";"Italy";"2018-08-19";"2019-05-26";2;5;2;1;5,063;0,22;1,64566666666667;2,33333333333333;0,373;0;2,33633333333333;2,33333333333333;2,11266666666667;2,33333333333333;52;28;"X"
"320";48152;"2019-04-17 17:00:00";25;"Lazio";2;"Udinese";0;"Serie A";"Italy";"2018-08-19";"2019-05-26";23;24;2;1;2,146;1,23;1,533;2;0,69375;0,25;1,138;1;1,671;3;49;32;"1"
"321";48228;"2019-04-20 18:30:00";33;"Internazionale";1;"Roma";1;"Serie A";"Italy";"2018-08-19";"2019-05-26";22;19;2;1;1,604;0,528;1,07233333333333;1,33333333333333;1,6175;1,5;2,993;3;1,488;1,75;60;54;"X"
"322";48229;"2019-04-20 16:00:00";33;"Juventus";2;"Fiorentina";1;"Serie A";"Italy";"2018-08-19";"2019-05-26";20;4;2;1;0,9;1,444;1,97766666666667;3;0,8005;0,5;1,359;1;1,33825;0,75;84;40;"1"
"323";48230;"2019-04-20 13:00:00";33;"Lazio";1;"Chievo";2;"Serie A";"Italy";"2018-08-19";"2019-05-26";23;26;2;1;1,636;1,184;1,73733333333333;2,33333333333333;0,965333333333333;0,333333333333333;1,17466666666667;1;0,431;0;52;14;"2"
"324";48231;"2019-04-20 13:00:00";33;"Cagliari";1;"Frosinone";0;"Serie A";"Italy";"2018-08-19";"2019-05-26";3;10;2;1;1,648;0,848;1,65833333333333;2;1,0325;1,5;0,816666666666667;1,33333333333333;1,21775;0,75;37;23;"1"
"325";48232;"2019-04-20 13:00:00";33;"Bologna";3;"Sampdoria";0;"Serie A";"Italy";"2018-08-19";"2019-05-26";27;25;2;1;0,999;0,638;2,82266666666667;3;1,3375;1,5;1,083;1,33333333333333;1,95925;1,5;31;48;"1"
"326";48233;"2019-04-20 13:00:00";33;"Udinese";1;"Sassuolo";1;"Serie A";"Italy";"2018-08-19";"2019-05-26";24;9;2;1;0,907;0,747;1,671;3;1,063;0,5;0,9765;0,25;1,563;1,25;32;37;"X"
"327";48234;"2019-04-20 13:00:00";33;"Empoli";2;"SPAL";4;"Serie A";"Italy";"2018-08-19";"2019-05-26";5;16;2;1;1,447;1,433;1,9065;3;0,569333333333333;1;0,33475;0,25;1,11566666666667;3;29;35;"2"
"328";48235;"2019-04-20 13:00:00";33;"Genoa";0;"Torino";1;"Serie A";"Italy";"2018-08-19";"2019-05-26";11;7;2;1;1,182;0,836;0,7515;1,5;0,729333333333333;1,66666666666667;0,90725;0,25;1,16433333333333;1,33333333333333;34;50;"2"
"329";48236;"2019-04-20 10:30:00";33;"Parma";1;"Milan";1;"Serie A";"Italy";"2018-08-19";"2019-05-26";21;18;2;1;0,83;0,8;1,08466666666667;1,33333333333333;1,40566666666667;1;1,48333333333333;0,333333333333333;1,543;1,33333333333333;35;55;"X"
"330";48301;"2019-04-22 17:00:00";33;"Napoli";1;"Atalanta";2;"Serie A";"Italy";"2018-08-19";"2019-05-26";8;2;2;1;1,592;1,339;1,754;2;2,33633333333333;2,33333333333333;1,36475;1,75;2,71433333333333;1,66666666666667;67;53;"2"
"331";48399;"2019-04-27 18:30:00";34;"Internazionale";1;"Juventus";1;"Serie A";"Italy";"2018-08-19";"2019-05-26";22;20;2;1;1,356;0,581;1,35966666666667;0,666666666666667;1,359;1;2,993;3;1,36633333333333;3;61;87;"X"
"332";48400;"2019-04-27 16:00:00";34;"Roma";3;"Cagliari";0;"Serie A";"Italy";"2018-08-19";"2019-05-26";19;3;2;1;2,897;0,504;1,60333333333333;1,33333333333333;0,961;2;1,25433333333333;1,33333333333333;1,65575;2,25;55;40;"1"
"333";48401;"2019-04-27 13:00:00";34;"Bologna";3;"Empoli";1;"Serie A";"Italy";"2018-08-19";"2019-05-26";27;5;2;1;1,553;0,353;2,04433333333333;3;0,382666666666667;0,333333333333333;1,083;1,33333333333333;1,75333333333333;2;34;29;"1"
"334";48751;"2019-04-29 19:00:00";34;"Fiorentina";0;"Sassuolo";1;"Serie A";"Italy";"2018-08-19";"2019-05-26";4;9;2;1;1,141;1,77;1,528;0,666666666666667;0,957666666666667;0,666666666666667;1,015;0,333333333333333;1,74166666666667;1,33333333333333;40;38;"2"
"335";48752;"2019-04-29 17:00:00";34;"Atalanta";2;"Udinese";0;"Serie A";"Italy";"2018-08-19";"2019-05-26";2;24;2;1;2,013;0,12;2,71433333333333;1,66666666666667;1,05533333333333;0,333333333333333;2,15233333333333;2,33333333333333;1,41633333333333;2,33333333333333;56;33;"1"
"336";48753;"2019-04-28 18:30:00";34;"Torino";2;"Milan";0;"Serie A";"Italy";"2018-08-19";"2019-05-26";7;18;2;1;1,242;0,604;1,16433333333333;1,33333333333333;1,104;0,333333333333333;0,715333333333333;1,66666666666667;1,543;1,33333333333333;53;56;"1"
"337";48754;"2019-04-28 16:00:00";34;"Sampdoria";1;"Lazio";2;"Serie A";"Italy";"2018-08-19";"2019-05-26";25;23;2;1;1,194;1,247;1,96233333333333;2;1,17466666666667;1;1,10433333333333;1;1,77;1,33333333333333;48;52;"2"
"338";48755;"2019-04-28 13:00:00";34;"SPAL";1;"Genoa";1;"Serie A";"Italy";"2018-08-19";"2019-05-26";16;11;2;1;1,166;1,053;1,11566666666667;3;1,01133333333333;0,333333333333333;0,991333333333333;2;0,895;1;38;34;"X"
"339";48756;"2019-04-28 13:00:00";34;"Chievo";1;"Parma";1;"Serie A";"Italy";"2018-08-19";"2019-05-26";26;21;2;1;0,897;0,459;0,515;0;1,48333333333333;0,333333333333333;1,02;1;0,859666666666667;0,666666666666667;17;36;"X"
"340";48757;"2019-04-28 10:30:00";34;"Frosinone";0;"Napoli";2;"Serie A";"Italy";"2018-08-19";"2019-05-26";10;8;2;1;1,345;2,278;1,25466666666667;1;1,57966666666667;2;0,971;1;1,7;1,33333333333333;23;67;"2"
"341";48795;"2019-05-03 18:30:00";35;"Juventus";1;"Torino";1;"Serie A";"Italy";"2018-08-19";"2019-05-26";20;7;2;1;1,322;0,648;1,36633333333333;3;0,715333333333333;1,66666666666667;1,44933333333333;1,33333333333333;1,09533333333333;2,33333333333333;88;56;"X"
"342";48829;"2019-05-04 18:30:00";35;"Udinese";0;"Internazionale";0;"Serie A";"Italy";"2018-08-19";"2019-05-26";24;22;2;1;0,362;2,279;1,1055;2;3,0335;3;0,8215;0,25;1,35875;0,75;33;62;"X"
"343";48830;"2019-05-04 16:00:00";35;"Chievo";0;"SPAL";4;"Serie A";"Italy";"2018-08-19";"2019-05-26";26;16;2;1;0,575;2,149;0,642333333333333;0,333333333333333;0,991333333333333;2;1,10733333333333;1;1,098;2,33333333333333;18;39;"2"
"344";48884;"2019-05-05 16:00:00";35;"Genoa";1;"Roma";1;"Serie A";"Italy";"2018-08-19";"2019-05-26";11;19;2;1;2,434;0,732;0,817;0;1,093;2;1,02175;0,5;1,92675;1,75;35;58;"X"
"345";48885;"2019-05-05 13:00:00";35;"Lazio";1;"Atalanta";3;"Serie A";"Italy";"2018-08-19";"2019-05-26";23;2;2;1;0,372;1,808;1,77;1,33333333333333;2,15233333333333;2,33333333333333;1,057;1;2,884;2,33333333333333;55;59;"2"
"346";48886;"2019-05-05 13:00:00";35;"Sassuolo";2;"Frosinone";2;"Serie A";"Italy";"2018-08-19";"2019-05-26";9;10;2;1;2,062;0,624;1,7075;2;0,7905;1,5;1,16075;1,25;1,27725;0,75;41;23;"X"
"347";48887;"2019-05-05 13:00:00";35;"Parma";3;"Sampdoria";3;"Serie A";"Italy";"2018-08-19";"2019-05-26";21;25;2;1;2,477;2,775;0,859666666666667;0,666666666666667;0,4065;0;1,103;0,666666666666667;1,77025;1,5;37;48;"X"
"348";48888;"2019-05-05 10:30:00";35;"Empoli";1;"Fiorentina";0;"Serie A";"Italy";"2018-08-19";"2019-05-26";5;4;2;1;0,947;2,433;1,4615;1,5;1,1655;0,5;0,37525;0,25;1,43125;0,5;29;40;"1"
"349";48905;"2019-05-06 18:30:00";35;"Milan";2;"Bologna";1;"Serie A";"Italy";"2018-08-19";"2019-05-26";18;27;2;1;1,251;1,261;1,783;2;0,637;0,5;0,979;0,25;1,9215;3;56;37;"1"
"350";48906;"2019-05-05 18:30:00";35;"Napoli";2;"Cagliari";1;"Serie A";"Italy";"2018-08-19";"2019-05-26";8;3;2;1;1,836;0,244;1,7905;0,5;0,808666666666667;1,33333333333333;1,75425;2,25;1,473;2;70;40;"1"
"351";48951;"2019-05-11 18:30:00";36;"Fiorentina";0;"Milan";1;"Serie A";"Italy";"2018-08-19";"2019-05-26";4;18;2;1;0,826;0,977;1,089;0,333333333333333;0,959;0,333333333333333;1,588;0,333333333333333;1,60566666666667;2,33333333333333;40;59;"2"
"352";48952;"2019-05-11 16:00:00";36;"Cagliari";1;"Lazio";2;"Serie A";"Italy";"2018-08-19";"2019-05-26";3;23;2;1;1,282;1,587;1,473;2;1,3305;1,5;0,538;0,333333333333333;1,4205;1;40;55;"2"
"353";48953;"2019-05-11 13:00:00";36;"Atalanta";2;"Genoa";1;"Serie A";"Italy";"2018-08-19";"2019-05-26";2;11;2;1;1,529;1,728;2,884;2,33333333333333;0,904;0,666666666666667;1,45866666666667;2,33333333333333;1,356;0,333333333333333;62;36;"1"
"354";49013;"2019-05-12 18:30:00";36;"Roma";2;"Juventus";0;"Serie A";"Italy";"2018-08-19";"2019-05-26";19;20;2;1;1,387;1,049;1,907;2,33333333333333;1,44933333333333;1,33333333333333;0,972666666666667;1,66666666666667;1,359;2,33333333333333;59;89;"1"
"355";49014;"2019-05-12 16:00:00";36;"SPAL";1;"Napoli";2;"Serie A";"Italy";"2018-08-19";"2019-05-26";16;8;2;1;1,924;1,733;1,098;2,33333333333333;1,459;2;1,631;2;1,80566666666667;1,33333333333333;42;73;"2"
"356";49015;"2019-05-12 13:00:00";36;"Sampdoria";1;"Empoli";2;"Serie A";"Italy";"2018-08-19";"2019-05-26";25;5;2;1;1,877;2,205;1,66066666666667;1;0,378;0,333333333333333;1,196;0,333333333333333;1,29;2;49;32;"2"
"357";49016;"2019-05-12 13:00:00";36;"Frosinone";1;"Udinese";3;"Serie A";"Italy";"2018-08-19";"2019-05-26";10;24;2;1;1,649;2,534;1,36333333333333;1;0,637;0;0,735;1,33333333333333;0,857666666666667;1,66666666666667;24;34;"2"
"358";49017;"2019-05-12 10:30:00";36;"Torino";3;"Sassuolo";2;"Serie A";"Italy";"2018-08-19";"2019-05-26";7;9;2;1;3,931;0,846;1,09533333333333;2,33333333333333;1,31033333333333;1,66666666666667;0,78;1,66666666666667;1,82566666666667;1,66666666666667;57;42;"1"
"359";49029;"2019-05-13 17:00:00";36;"Bologna";4;"Parma";1;"Serie A";"Italy";"2018-08-19";"2019-05-26";27;21;2;1;1,846;0,572;1,88433333333333;3;1,103;0,666666666666667;0,845;0,333333333333333;1,35566666666667;1;37;38;"1"
"360";49032;"2019-05-13 19:00:00";36;"Internazionale";2;"Chievo";0;"Serie A";"Italy";"2018-08-19";"2019-05-26";22;26;2;1;2,009;0,131;1,299;1;1,10733333333333;1;2,782;2,33333333333333;0,548;0,333333333333333;63;18;"1"
"361";49104;"2019-05-18 16:00:00";37;"Genoa";1;"Cagliari";1;"Serie A";"Italy";"2018-08-19";"2019-05-26";11;3;2;1;1,806;0,31;1,808;0,5;0,538;0,333333333333333;1,11;0,5;1,75;2;36;40;"X"
"362";49105;"2019-05-18 13:00:00";37;"Udinese";3;"SPAL";2;"Serie A";"Italy";"2018-08-19";"2019-05-26";24;16;2;1;1,388;1,168;0,6345;1;1,631;2;1,11125;0,75;1,35766666666667;1,33333333333333;37;42;"1"
"363";49148;"2019-05-19 18:30:00";37;"Juventus";1;"Atalanta";1;"Serie A";"Italy";"2018-08-19";"2019-05-26";20;2;2;1;0,876;1,665;1,359;2,33333333333333;1,45866666666667;2,33333333333333;0,718333333333333;0,333333333333333;2,86833333333333;2,33333333333333;89;65;"X"
"364";49149;"2019-05-19 18:30:00";37;"Napoli";4;"Internazionale";1;"Serie A";"Italy";"2018-08-19";"2019-05-26";8;22;2;1;1,744;1,99;1,80566666666667;1,33333333333333;2,992;2;1,823;3;1,4765;1,5;76;66;"1"
"365";49150;"2019-05-19 16:00:00";37;"Milan";2;"Frosinone";0;"Serie A";"Italy";"2018-08-19";"2019-05-26";18;10;2;1;1,673;1,662;1,3895;3;0,735;1,33333333333333;0,9635;1;1,261;0;62;24;"1"
"366";49151;"2019-05-19 13:00:00";37;"Parma";1;"Fiorentina";0;"Serie A";"Italy";"2018-08-19";"2019-05-26";21;4;2;1;0,61;1,282;1,35566666666667;1;1,9385;0;0,619666666666667;0,666666666666667;1,02325;0,25;38;40;"1"
"367";49152;"2019-05-19 13:00:00";37;"Empoli";4;"Torino";1;"Serie A";"Italy";"2018-08-19";"2019-05-26";5;7;2;1;2,539;1,284;1,197;1,5;0,78;1,66666666666667;0,83475;1;2,117;2,33333333333333;35;60;"1"
"368";49153;"2019-05-19 10:30:00";37;"Chievo";0;"Sampdoria";0;"Serie A";"Italy";"2018-08-19";"2019-05-26";26;25;2;1;0,78;0,68;0,548;0,333333333333333;1,7065;0,5;0,662333333333333;1;1,71475;0,75;18;49;"X"
"369";49154;"2019-05-18 18:30:00";37;"Sassuolo";0;"Roma";0;"Serie A";"Italy";"2018-08-19";"2019-05-26";9;19;2;1;1,124;2,765;1,658;1;0,972666666666667;1,66666666666667;1,19425;1,25;1,86266666666667;3;42;62;"X"
"370";49170;"2019-05-20 18:30:00";37;"Lazio";3;"Bologna";3;"Serie A";"Italy";"2018-08-19";"2019-05-26";23;27;2;1;1,843;2,577;1,38466666666667;1;0,703;0,5;1,416;2;1,87475;3;58;40;"X"
