"";"xGhomehome";"xGawayaway";"xGhome_team_away";"xGaway_team_home";"punti_homehome";"punti_awayaway";"punti_home_team_away";"punti_away_team_home";"classificahome";"classificatrasf";"risultato"
"850";0,504;1,249;0,850666666666667;1,4155;2;1,75;1;2;22;41;"2"
"851";1,1835;0,345333333333333;0,6395;1,18266666666667;1,5;0,666666666666667;0;1,33333333333333;10;26;"2"
"853";1,23;1,1525;1,12366666666667;1,25625;2;2;0,333333333333333;1,5;36;38;"2"
"854";1,56125;1,66966666666667;1,4995;1,51166666666667;1,25;3;0,5;2;24;56;"2"
"855";1,72133333333333;0,741;1,00366666666667;0,99325;2,33333333333333;0,5;1;2;44;52;"2"
"857";0,665;1,557;0,61575;1,2335;0,5;0;0,75;0,5;33;24;"2"
"858";2,3755;1,55333333333333;1,1035;1,09;3;2,33333333333333;3;1,33333333333333;71;41;"1"
"859";1,33275;2,6635;0,741;1,938;2;3;0,5;2,25;51;69;"X"
"861";1,07666666666667;1,47166666666667;1,00233333333333;1,09;2;2,33333333333333;0;1,33333333333333;33;38;"2"
"862";0,924333333333333;0,898666666666667;0,345333333333333;1,081;1;1;0,666666666666667;1;25;52;"X"
"863";1,17466666666667;1,085;1,27533333333333;1,786;0,666666666666667;1,5;1,33333333333333;2;21;44;"1"
"864";1,0495;0,701666666666667;1,557;0,763333333333333;0,5;1;0;1,33333333333333;23;23;"X"
"865";2,0335;0,76175;1,1035;0,665;3;0,75;3;0,5;68;33;"1"
"866";1,10166666666667;0,51;1,405;1,1835;1;0;1,33333333333333;1,5;35;10;"1"
"867";0,789333333333333;0,279;0,850666666666667;0,284333333333333;1;0;1;1;19;25;"1"
"868";1,92633333333333;1,14266666666667;1,66966666666667;1,23;1;0,666666666666667;3;2;53;36;"1"
"869";1,82;1,85166666666667;2,147;1,92633333333333;3;2,33333333333333;3;1;69;50;"2"
"870";1,44933333333333;1,21875;0,898666666666667;2,0335;2;3;1;3;52;65;"2"
"871";0,8795;0,797;0,80325;1,3645;0,5;0;1;2,25;20;33;"1"
"872";1,00266666666667;1,674;0,345333333333333;1,941;1;3;0,666666666666667;3;25;66;"2"
"873";2,581;1,81733333333333;1,51575;1,71566666666667;1,5;2,33333333333333;2;3;50;41;"2"
"874";1,36933333333333;0,281;1,405;0,357;0,333333333333333;0;1,33333333333333;1;32;25;"1"
"875";1,16366666666667;0,6545;1,315;1,3775;0,666666666666667;0;0;2,25;23;49;"2"
"876";0,693;1,1805;0,67375;1,42675;0;1;0,75;2,25;16;36;"1"
"877";2,151;0,525333333333333;1,085;0,574333333333333;2;1;1,5;0,666666666666667;41;33;"1"
"878";1,145;0,630666666666667;1,08325;1,331;1;0,333333333333333;1;0,333333333333333;21;17;"2"
"879";1,491;0,547666666666667;1,06366666666667;1,33766666666667;1,66666666666667;0;0,666666666666667;2;48;10;"1"
"880";1,226;0,497333333333333;0,851666666666667;1,056;2;2;0;2;30;30;"1"
"881";1,13066666666667;0,857666666666667;1,18566666666667;0,491333333333333;2;1;1;0;46;16;"1"
"882";1,5935;1,2895;1,597;2,151;3;1,5;2;2;38;41;"1"
"883";1,625;1,3755;1,47166666666667;1,507;1;1,5;2,33333333333333;0,5;37;31;"X"
"884";1,23533333333333;0,73;0,547666666666667;0,794666666666667;2;1,33333333333333;0;0,666666666666667;7;21;"1"
"885";1,26233333333333;0,713;0,851666666666667;1,16366666666667;1;0,333333333333333;0;0,666666666666667;27;23;"1"
"886";1,90466666666667;0,797333333333333;1,57633333333333;1,331;3;0,333333333333333;3;0,333333333333333;63;17;"1"
"887";1,6235;1,15275;1,1805;2,0335;2,5;3;1;3;36;62;"2"
"888";1,0605;1,152;0,38925;1,30525;1,5;1;1,75;1,5;27;48;"1"
"889";0,301333333333333;0,445;0,5;1,00266666666667;0,333333333333333;1,66666666666667;0;1;22;25;"1"
"890";0,615;1,52666666666667;0,50825;2,118;1;1,66666666666667;1;1;33;47;"2"
"891";1,83766666666667;0,597666666666667;1,52666666666667;1,23533333333333;0,333333333333333;0;1,66666666666667;2;44;7;"1"
"892";0,939333333333333;1,144;1,226;1,26233333333333;1;1;0,666666666666667;1;45;27;"1"
"893";0,664;0,326333333333333;0,5;1,80133333333333;0,333333333333333;1,33333333333333;0;2;22;24;"2"
"894";1,76575;0,779333333333333;1,2895;0,491333333333333;2;1;1,5;0;38;16;"1"
"895";1,77266666666667;0,65025;1,19966666666667;0,615;2,33333333333333;1,75;1;1;33;33;"1"
"896";1,135;0,572;0,713;0,8065;1,33333333333333;2;0,333333333333333;0,75;22;24;"X"
"897";2,04966666666667;1,28866666666667;1,57633333333333;1,13066666666667;3;1,33333333333333;3;2;60;46;"1"
"898";0,7685;1,68;0,6685;1,625;0,5;3;1;1;20;36;"X"
"899";1,59633333333333;1,214;0,797333333333333;1,39833333333333;0,666666666666667;1,66666666666667;0,333333333333333;2;17;35;"2"
"900";1,727;1,36666666666667;1,55033333333333;2,12466666666667;0,666666666666667;3;2;3;31;59;"2"
"901";2,05733333333333;0,129;1,28866666666667;1,80133333333333;3;0,666666666666667;1,33333333333333;2;46;21;"2"
"902";1,24033333333333;1,60333333333333;0,597666666666667;2,04966666666667;2;3;0;3;7;57;"2"
"903";1,62366666666667;0,765666666666667;1,68;0,664;0,333333333333333;0;3;0,333333333333333;33;22;"1"
"904";1,214;1,905;1,144;1,54275;1;1,5;1;0,75;27;28;"2"
"905";1,9595;1,49533333333333;0,65025;1,39833333333333;2;1,33333333333333;1,75;2;32;34;"X"
"906";1,8555;1,20566666666667;1,227;1,135;3;1,33333333333333;3;1,33333333333333;56;22;"1"
"907";0,52;1,33433333333333;0,418;1,59633333333333;0;1,33333333333333;1,33333333333333;0,666666666666667;21;17;"1"
"908";0,874666666666667;1,57766666666667;0,779333333333333;1,83766666666667;1;0,666666666666667;1;0,333333333333333;16;41;"2"
"909";1,51933333333333;0,606;1,226;1,253;0,666666666666667;1;0,666666666666667;1,33333333333333;44;19;"X"
"910";2,25433333333333;1,1045;1,17333333333333;1,5125;2,33333333333333;1;1;1,75;37;32;"X"
"911";1,79033333333333;0,981;1,57766666666667;1,96725;1,33333333333333;0;0,666666666666667;1,75;41;34;"2"
"912";1,28366666666667;1,468;1,49533333333333;2,05733333333333;2;1,66666666666667;1,33333333333333;3;31;46;"1"
"913";1,25166666666667;1,02466666666667;1,092;1,24033333333333;1,33333333333333;0;1,66666666666667;2;29;7;"1"
"914";1,92033333333333;1,17466666666667;1,60333333333333;1,214;2,33333333333333;1;3;1;54;27;"1"
"915";1,158;0,501;0,63125;0,702;1,5;1,5;0,75;0,25;18;20;"X"
"916";1,612;0,866333333333333;1,33833333333333;0,874666666666667;1;0,333333333333333;1,33333333333333;1;28;13;"2"
"917";1,76133333333333;1,3235;0,129;1,9595;2;1,75;0,666666666666667;2;21;29;"2"
"918";1,86733333333333;1,12166666666667;1,33433333333333;1,51933333333333;0,666666666666667;0,666666666666667;1,33333333333333;0,666666666666667;16;43;"X"
"919";0,987;1,25333333333333;0,765666666666667;1,56666666666667;0,666666666666667;3;0;2,33333333333333;22;53;"2"
"920";1,57066666666667;1,39433333333333;1,20566666666667;1,62366666666667;2,33333333333333;3;1,33333333333333;0,333333333333333;22;30;"2"
"921";1,963;1,65;1,20533333333333;1,79033333333333;2;0,666666666666667;0,333333333333333;1,33333333333333;33;40;"X"
"922";2,09966666666667;1,502;1,468;1,458;2;2,33333333333333;1,66666666666667;2,33333333333333;43;29;"1"
"923";1,648;0,456333333333333;1,18875;1,76133333333333;2;1,66666666666667;3;2;50;21;"1"
"924";2,275;2,221;1,12166666666667;2,51925;1,33333333333333;0,5;0,666666666666667;1,75;42;39;"X"
"925";0,670333333333333;1,44733333333333;0,710666666666667;1,28366666666667;0,333333333333333;0,666666666666667;1,33333333333333;2;20;28;"2"
"926";0,873666666666667;1,1915;1,17466666666667;1,231;0,333333333333333;0;1;1,75;24;7;"1"
"927";2,5685;0,798;1,63475;0,987;1,5;0;2;0,666666666666667;40;22;"1"
"928";0,753333333333333;0,566;0,866333333333333;0,896666666666667;1;0;0,333333333333333;1;13;15;"2"
"929";1,62;1,0525;1,20533333333333;1,8235;1;2;0,333333333333333;1,5;30;28;"1"
"930";1,9905;1,40533333333333;1,616;1,86733333333333;3;1;2,5;0,666666666666667;28;15;"X"
"931";1,6535;1,1525;1,00925;1,15225;3;2;1;1,25;21;28;"X"
"932";2,216;1,848;1,30525;1,62925;0,5;3;2,5;1,75;30;51;"2"
"933";0,877666666666667;1,08933333333333;0,710666666666667;1,81133333333333;0,333333333333333;3;1,33333333333333;2,33333333333333;20;47;"2"
"934";2,96166666666667;1,471;1,91;1,99733333333333;2,33333333333333;2,33333333333333;0,666666666666667;1,33333333333333;39;27;"2"
"935";1,01666666666667;0,443666666666667;1,44733333333333;0,896666666666667;1,33333333333333;0;0,666666666666667;1;25;15;"1"
"936";1,40433333333333;1,49866666666667;1,79833333333333;0,753333333333333;1,33333333333333;1,33333333333333;3;1;48;13;"1"
"937";1,684;1,43033333333333;1,26825;2,29366666666667;1;1,66666666666667;0,75;1,33333333333333;15;37;"2"
"938";1,09266666666667;1,10966666666667;0,961333333333333;1,62;1,33333333333333;0,333333333333333;0;1;4;30;"1"
"939";1,90166666666667;1,06866666666667;0,456333333333333;1,48733333333333;1,33333333333333;1,33333333333333;1,66666666666667;2;18;21;"1"
"940";0,864;1,2815;1,10233333333333;0,96325;0,666666666666667;1,5;1,66666666666667;1;25;24;"1"
"941";1,78933333333333;0,955666666666667;1,12833333333333;2,275;1,66666666666667;1,33333333333333;1,66666666666667;1,33333333333333;27;41;"X"
"942";1,36066666666667;2,00233333333333;0,798;1,435;1,33333333333333;3;0;2;21;27;"X"
"943";1,298;1,229;1,49866666666667;1,81133333333333;1;2;1,33333333333333;2,33333333333333;13;44;"2"
"944";2,40366666666667;1,45966666666667;0,955666666666667;2,29366666666667;2;1,33333333333333;1,33333333333333;1,33333333333333;40;36;"X"
"945";1,995;0,796333333333333;1,1925;0,877666666666667;2;1,33333333333333;1,75;0,333333333333333;27;17;"2"
"946";1,132;0,946333333333333;0,961333333333333;1,36066666666667;0,333333333333333;0,333333333333333;0;1,33333333333333;1;21;"1"
"947";0,897666666666667;2,44;1,272;1,2455;1,33333333333333;3;2;1,5;24;24;"2"
"948";2,925;1,61133333333333;1,91;1,48733333333333;3;2;0,666666666666667;2;38;20;"X"
"949";1,37833333333333;1,50166666666667;1,10966666666667;1,47733333333333;1;1;0,333333333333333;1;27;15;"1"
"950";1,48166666666667;1,033;1,10233333333333;1,90166666666667;0,666666666666667;2,33333333333333;1,66666666666667;1,33333333333333;24;17;"X"
"951";1,724;1,238;1,15225;1,01666666666667;2;0,333333333333333;1,5;1,33333333333333;26;24;"X"
"952";0,960333333333333;2,007;0,443666666666667;1,4415;1;3;0;1,75;15;45;"2"
"953";2,07233333333333;2,03166666666667;1,229;2,925;2,33333333333333;1,66666666666667;2;3;41;38;"1"
"954";1,021;0,922666666666667;1,23325;1,60433333333333;2;1,33333333333333;1;1,66666666666667;24;24;"2"
"955";1,153;0,712333333333333;1,033;1,132;0,333333333333333;0;2,33333333333333;0,333333333333333;14;1;"1"
"956";1,098;1,35766666666667;1,57366666666667;1,37833333333333;1,33333333333333;1,33333333333333;2,33333333333333;1;42;27;"1"
"957";1,23633333333333;0,7465;1,61133333333333;2,2115;1;2;2;1,75;17;40;"1"
"958";1,577;1,06533333333333;1,35075;1,48166666666667;1;1,66666666666667;1;0,666666666666667;14;23;"X"
"959";0,7045;1,71;2,44;1,298;1,5;1,33333333333333;3;1;21;13;"1"
"960";1,58;0,955666666666667;1,8255;0,960333333333333;0,5;1;1,75;1;33;15;"1"
"961";1,597;0,903;0,796333333333333;1,54666666666667;1,33333333333333;1;1,33333333333333;1,33333333333333;17;23;"2"
"962";1,12066666666667;1,222;0,946333333333333;0,9115;1,66666666666667;1,5;0,333333333333333;1;21;21;"2"
"963";1,1915;2,24575;1,033;1,58;2;2,25;1;0,5;23;32;"X"
"964";0,972;1,02533333333333;0,712333333333333;1,16266666666667;0,333333333333333;0,333333333333333;0;1,66666666666667;1;11;"2"
"965";1,13066666666667;1,114;1,004;2,07233333333333;1,33333333333333;2;1;2,33333333333333;21;38;"2"
"966";0,548;1,28866666666667;0,955666666666667;1,12066666666667;1;0,333333333333333;1;1,66666666666667;12;21;"1"
"967";1,825;1,39833333333333;0,86825;1,153;1,5;2;0,75;0,333333333333333;22;13;"X"
"968";1,67;1,155;1,35766666666667;1,23633333333333;2;1;1,33333333333333;1;27;14;"2"
"969";1,134;1,09133333333333;1,71;1,07566666666667;0;1,33333333333333;1,33333333333333;1,33333333333333;10;24;"1"
"970";2,387;0,988;2,03166666666667;1,597;3;1,33333333333333;1,66666666666667;1,33333333333333;35;17;"1"
"971";2,11966666666667;1,203;1,06533333333333;1,56775;1,66666666666667;2;1,66666666666667;1,75;23;39;"2"
"972";2,18566666666667;1,4335;0,868666666666667;0,7045;2,33333333333333;3;2,33333333333333;1,5;40;18;"2"
"973";1,14666666666667;0,919666666666667;1,39833333333333;1,53233333333333;0,333333333333333;0,333333333333333;2;2,33333333333333;13;20;"2"
"974";1,905;1,00133333333333;2,24575;2,11966666666667;2;0,666666666666667;2,25;1,66666666666667;32;20;"2"
"975";1,1725;0,9105;1,17775;1,06975;0,5;1,5;1,75;1;21;21;"1"
"976";0,677333333333333;0,865;1,155;0,548;0;1;1;1;11;12;"1"
"977";1,762;1,08933333333333;1,19933333333333;1,66266666666667;2;0,666666666666667;2,33333333333333;2;38;21;"X"
"978";0,699;1,40866666666667;0,9965;1,134;2;1;0,25;0;10;9;"X"
"979";0,91125;0,64;1,4335;0,972;0,75;0;3;0,333333333333333;15;1;"1"
"980";1,02566666666667;1,7955;1,28866666666667;2,3925;1,33333333333333;2;0,333333333333333;3;20;34;"X"
"981";2,15966666666667;1,162;1,114;2,4105;3;3;2;2,5;37;39;"X"
"982";1,81166666666667;1,161;0,988;1,67;2;1;1,33333333333333;2;16;26;"X"
"983";1,366;1,178;1,389;1,14666666666667;0;1,33333333333333;0,75;0,333333333333333;9;10;"2"
"984";0,635;0,621;0,796;0,91125;1,5;1,5;0,75;0,75;12;12;"2"
"985";2,035;2,13225;1,161;1,905;3;2,25;1;2;26;29;"2"
"986";1,024;0,823666666666667;0,687666666666667;1,81166666666667;1;1;1;2;20;15;"X"
"987";1,265;1,85566666666667;1,44025;0,677333333333333;1,5;2;1,25;0;18;11;"1"
"988";1,95133333333333;1,7035;0,92;1,49525;2,33333333333333;0,5;2,33333333333333;1,75;36;20;"1"
"989";0,631666666666667;0,988;0,64;1,023;0;2;0;0,666666666666667;0;20;"X"
"990";1,99833333333333;0,8605;1,00133333333333;1,637;1,33333333333333;0;0,666666666666667;2,5;19;19;"X"
"991";1,91266666666667;1,31166666666667;1,19933333333333;2,15966666666667;2,33333333333333;2;2,33333333333333;3;38;34;"2"
"992";1,62133333333333;0,888333333333333;1,485;0,626333333333333;3;0,333333333333333;2,33333333333333;1,33333333333333;31;10;"1"
"993";1,66266666666667;0,560333333333333;1,615;0,631666666666667;2,33333333333333;0;0;0;16;0;"1"
"994";2,22266666666667;1,01466666666667;1,31166666666667;0,553;2;1;2;1,33333333333333;31;12;"1"
"995";3,0735;1,49366666666667;2,13225;1,771;3;1,33333333333333;2,25;2;28;17;"X"
"996";1,1595;1,5835;1,37825;1,29875;0;3;1,75;2,25;9;30;"X"
"997";0,9545;1,336;0,95075;1,99833333333333;0,5;0,666666666666667;1,5;1,33333333333333;19;18;"X"
"998";1,7375;1,131;0,621;1,91266666666667;1,5;2,33333333333333;1,5;2,33333333333333;12;35;"2"
"999";1,83566666666667;0,7745;0,823666666666667;2,02475;2;2;1;2,5;15;33;"2"
"1000";1,42833333333333;0,73;1,306;0,626333333333333;1,33333333333333;0,333333333333333;0,666666666666667;1,33333333333333;17;10;"1"
"1001";0,857333333333333;1,172;1,85566666666667;1,32133333333333;0,333333333333333;0;2;1;11;6;"2"
"1002";1,257;1,3745;0,687666666666667;1,9065;1;1,5;1;3;17;26;"1"
"1003";1,121;0,559666666666667;1,68275;1,257;1,5;1;0,25;1;6;14;"2"
"1004";2,32166666666667;2,244;1,16866666666667;1,58675;2,33333333333333;0;2,33333333333333;2;30;16;"1"
"1005";0,691;1,52833333333333;0,560333333333333;0,857333333333333;0;1;0;0,333333333333333;0;8;"2"
"1006";1,92966666666667;1,73466666666667;1,09;2,22266666666667;3;2,33333333333333;1;2;23;31;"1"
"1007";1,10933333333333;1,56733333333333;0,73;1,771;1,33333333333333;1;0,333333333333333;2;9;16;"X"
"1008";1,56666666666667;1,2675;1,336;1,357;1,33333333333333;0,5;0,666666666666667;1,75;17;16;"X"
"1009";2,091;0,476;0,842333333333333;1,83566666666667;2;0;1;2;12;12;"2"
"1010";0,687;1,23933333333333;0,89575;1,276;2;1,33333333333333;1;0;12;6;"2"
"1011";2,38633333333333;1,165;1,131;0,896666666666667;2,33333333333333;2;2,33333333333333;0,333333333333333;32;19;"1"
"1012";1,20966666666667;2,375;1,452;3,0735;2;3;3;3;27;28;"1"
"1013";0,876;0,848666666666667;1,52833333333333;0,896666666666667;0,333333333333333;1;1;0,333333333333333;8;16;"2"
"1014";1,84133333333333;0,646;2,34066666666667;0,89775;2,33333333333333;0;0,333333333333333;1;15;8;"X"
"1015";1,38233333333333;1,986;0,476;0,863666666666667;1;0,333333333333333;0;1;9;6;"1"
"1016";1,594;1,53033333333333;1,31733333333333;2,38633333333333;2;3;1,33333333333333;2,33333333333333;15;31;"X"
"1017";1,489;1,0265;1,56733333333333;1,6535;2,33333333333333;3;1;2,25;16;24;"2"
"1018";2,12166666666667;1,18066666666667;1,73466666666667;0,691;2;0;2,33333333333333;0;28;0;"1"
"1019";1,98133333333333;1,02866666666667;1,16866666666667;1,56666666666667;3;0,333333333333333;2,33333333333333;1,33333333333333;29;16;"X"
"1020";1,3955;0,7925;1,13675;1,88025;0;0;1;3;6;20;"2"
"1021";1,409;0,521;0,87375;0,952666666666667;1,5;0,333333333333333;1,5;2,33333333333333;14;9;"2"
"1022";0,856666666666667;1,15333333333333;1,986;1,98133333333333;1,33333333333333;1,66666666666667;0,333333333333333;3;6;26;"2"
"1023";1,027;0,3715;1,14275;1,60125;0,5;0;1;0,75;13;9;"1"
"1024";0,9365;1,48033333333333;0,474;1,489;2;1;0,25;2,33333333333333;6;16;"1"
"1025";2,091;2,29033333333333;1,81025;0,876;2;2;3;0,333333333333333;28;8;"1"
"1026";1,84666666666667;1,07433333333333;1,05633333333333;1,594;3;1,66666666666667;0,333333333333333;2;17;15;"1"
"1027";1,08566666666667;1,07266666666667;0,483333333333333;1,119;0,333333333333333;1,33333333333333;0;0,333333333333333;5;6;"1"
"1028";2,479;2,829;0,842333333333333;2,07725;1;0,5;1;2,5;9;15;"1"
"1029";0,729;2,19233333333333;1,18066666666667;2,143;0;3;0;2;0;25;"2"
"1030";1,90833333333333;0,975666666666667;1,43033333333333;1,236;2;2;3;1,33333333333333;21;14;"1"
"1031";1,213;2,3705;0,848666666666667;1,84375;1,33333333333333;2;1;2,25;16;25;"2"
"1032";1,4105;2,31766666666667;0,808;2,143;2;3;1,5;2;14;22;"2"
"1033";1,50433333333333;0,816;0,612333333333333;0,729;0;0;1;0;6;0;"1"
"1034";1,759;0,5545;1,07433333333333;1,60375;2,33333333333333;0;1,66666666666667;1,75;15;13;"2"
"1035";1,23633333333333;1,232;1,48033333333333;1,127;2,33333333333333;1,33333333333333;1;0,666666666666667;13;13;"1"
"1036";0,874333333333333;2,01633333333333;1,07266666666667;3,214;0,333333333333333;3;1,33333333333333;2,33333333333333;6;25;"2"
"1037";2,04133333333333;0,27;1,93866666666667;0,952;2;0;2,33333333333333;0,25;22;5;"1"
"1039";1,30933333333333;0,613;2,29033333333333;2,479;0,333333333333333;0;2;1;8;6;"2"
"1040";2,03166666666667;1,58066666666667;2,42266666666667;0,856666666666667;2,33333333333333;0,333333333333333;0,666666666666667;1,33333333333333;12;6;"1"
"1041";1,4295;1,005;1,049;1,84666666666667;3;0,666666666666667;2;3;23;17;"1"
"471";1,86666666666667;1,61733333333333;2,497;2,091;1,33333333333333;0,666666666666667;3;2,33333333333333;53;39;"1"
"472";1,205;1,73433333333333;0,33;1,99533333333333;1,33333333333333;2;0,333333333333333;2;15;59;"2"
"473";2,51833333333333;1,543;1,73266666666667;1,58366666666667;2;2,33333333333333;2;2,33333333333333;51;52;"1"
"474";1,8335;0,603;0,89575;0,776333333333333;2;1,33333333333333;1;0,333333333333333;42;31;"1"
"475";1,61466666666667;0,281;1,749;0,72475;1,33333333333333;0;3;0,25;57;14;"1"
"476";1,13833333333333;0,283;1,67466666666667;0,873333333333333;1,33333333333333;0;2;0,333333333333333;35;22;"1"
"477";1,421;0,721333333333333;0,956333333333333;1,32933333333333;1;0,333333333333333;0;1,33333333333333;9;30;"2"
"478";1,29133333333333;0,9765;1,276;1,14975;0;0,5;2,33333333333333;0;34;28;"2"
"480";1,697;1,431;1,44833333333333;2,344;3;2,33333333333333;2,33333333333333;2;67;50;"1"
"481";1,40833333333333;1,89733333333333;0,998666666666666;1,86666666666667;0;2;0,666666666666667;1,33333333333333;28;50;"2"
"482";0,846333333333333;1,30066666666667;0,283;2,01133333333333;1,33333333333333;0,333333333333333;0;0,666666666666667;22;26;"2"
"483";0,688;1,58033333333333;0,54425;2,51833333333333;0,5;2;1;2;31;48;"2"
"484";1,7565;1,68733333333333;0,7755;1,697;1,5;3;0,25;3;29;66;"X"
"485";1,6135;0,35;1,36325;0,97675;2;0,5;0,5;1;36;15;"1"
"486";1,03175;1,39933333333333;0,281;1,29133333333333;0,75;3;0;0;13;33;"X"
"487";1,78833333333333;0,960333333333333;1,543;1,92466666666667;3;1;2,33333333333333;1,66666666666667;51;41;"X"
"488";1,232;1,7385;1,35025;1,238;1,5;3;1,75;1;47;35;"1"
"490";2,278;1,68733333333333;1,73433333333333;1,61466666666667;3;3;2;1,33333333333333;59;54;"2"
"491";1,8775;1,12;1,0465;1,96766666666667;2;0,333333333333333;1,5;1,66666666666667;40;35;"X"
"492";3,056;2,019;1,58033333333333;2,278;3;2;2;3;48;56;"2"
"493";1,63;1,047;1,25475;1,34075;0,5;0,5;0,25;0,75;25;27;"X"
"494";1,01833333333333;0,454333333333333;0,704666666666667;1,37033333333333;1;0,333333333333333;0,333333333333333;1,33333333333333;13;28;"2"
"495";1,37133333333333;1,05366666666667;1,39933333333333;1,145;1;1,33333333333333;3;1;33;44;"2"
"496";0,899666666666667;0,6995;1,272;1,5815;0,333333333333333;0;2;0,75;32;9;"1"
"497";2,194;0,829666666666667;1,89733333333333;1,58866666666667;1,33333333333333;0,333333333333333;2;1;47;29;"1"
"498";0,600333333333333;1,161;0,675666666666667;1,683;1;1,5;0,333333333333333;2;14;34;"X"
"499";1,49866666666667;0,656;1,68733333333333;0,846333333333333;3;0,333333333333333;3;1,33333333333333;63;22;"1"
"500";2,37266666666667;1,33466666666667;1,68733333333333;1,78833333333333;2,33333333333333;1,33333333333333;3;3;54;48;"2"
"501";1,4085;0,885666666666667;1,63725;1,50566666666667;0;2;1,25;2,33333333333333;41;40;"1"
"502";2,8445;1,533;1,81675;1,96766666666667;3;0,666666666666667;2,25;1,66666666666667;53;35;"1"
"503";1,86533333333333;0,296333333333333;1,06866666666667;1,37033333333333;2,33333333333333;0;1;1,33333333333333;33;27;"X"
"504";1,44;1,33066666666667;0,883;1,23266666666667;0;0,333333333333333;0;0,333333333333333;6;25;"1"
"505";0,833333333333333;1,894;1,272;2,45425;0,333333333333333;3;2;2,5;32;51;"2"
"506";1,49033333333333;1,067;0,829666666666667;1,181;1;3;0,333333333333333;1;29;30;"2"
"507";1,53;1,28666666666667;1,04766666666667;3,056;1;2;1,33333333333333;3;27;45;"2"
"508";1,05633333333333;2,0305;0,656;2,167;2,33333333333333;1,5;0,333333333333333;1,75;22;44;"2"
"509";1,746;0,968;2,01625;1,008;3;0,5;1,75;0,75;45;13;"1"
"510";1,423;0,662;1,7125;0,600333333333333;3;0,333333333333333;2,25;1;60;14;"1"
"511";2,05966666666667;2,08266666666667;1,53933333333333;1,46333333333333;2;1,33333333333333;1;1;43;40;"X"
"512";1,94933333333333;1,72266666666667;0,296333333333333;1,62566666666667;2,33333333333333;2;0;3;27;57;"2"
"513";1,25566666666667;0,774666666666667;1,06866666666667;1,53;1,66666666666667;1,33333333333333;1;1;30;27;"1"
"514";0,511333333333333;1,82033333333333;0,662;2,29066666666667;1,33333333333333;1,33333333333333;0,333333333333333;3;14;42;"2"
"515";0,905333333333333;0,588666666666667;1,18733333333333;0,833333333333333;1,33333333333333;1;2;0,333333333333333;30;29;"2"
"516";2,37133333333333;0,547;1,28666666666667;1,05633333333333;3;0,333333333333333;2;2,33333333333333;42;22;"1"
"517";1,60633333333333;0,986333333333333;1,533;1,44;1,66666666666667;0,333333333333333;0,666666666666667;0;32;6;"1"
"518";1,193;1,63966666666667;0,806666666666667;2,95066666666667;1;2;0,333333333333333;3;13;50;"2"
"519";1,24066666666667;0,751;0,885666666666667;1,49033333333333;1,66666666666667;0,666666666666667;2;1;37;29;"1"
"520";2,645;1,56333333333333;1,931;1,23266666666667;2,33333333333333;0,333333333333333;2,33333333333333;0,333333333333333;48;25;"1"
"521";1,502;2,248;1,368;1,221;1,5;0,5;1,75;1;27;37;"2"
"522";1,7275;1,662;0,856;1,427;1,5;1,5;0,25;3;13;54;"2"
"523";2,635;1,196;1,35825;1,24066666666667;3;2;1,5;1,66666666666667;47;37;"1"
"524";1,54433333333333;1,805;1,91866666666667;2,37133333333333;3;3;2;3;51;42;"1"
"525";0,3845;1,01333333333333;0,9585;1,575;0,5;0,333333333333333;1;2;11;13;"1"
"526";2,558;0,726333333333333;1,516;1,94933333333333;3;0;1,25;2,33333333333333;39;27;"1"
"527";0,919;0,387;0,986333333333333;2,0035;0;0;0,333333333333333;2,25;6;40;"2"
"528";1,475;1,323;1,56333333333333;0,8225;0,333333333333333;1,5;0,333333333333333;1;25;27;"2"
"529";0,666666666666667;1,70466666666667;0,547;1,60633333333333;3;0,333333333333333;0,333333333333333;1,66666666666667;21;31;"X"
"530";1,64133333333333;0,715;0,588666666666667;1,667;1;0,5;1;1,5;28;28;"X"
"531";1,01266666666667;0,923333333333333;1,84866666666667;1,25566666666667;1,33333333333333;0;0,333333333333333;1,66666666666667;37;27;"2"
"532";1,248;1,7785;1,368;2,974;2;2;1,75;2,5;27;45;"2"
"533";1,1635;1,12233333333333;0,99675;1,24066666666667;0;1;0,25;1,66666666666667;6;34;"2"
"534";3,36233333333333;1,23033333333333;2,45933333333333;0,488;3;1;2,33333333333333;0,333333333333333;44;10;"X"
"535";1,71066666666667;1,256;0,726333333333333;1,248;2;1,5;0;2;26;26;"X"
"536";1,1235;0,510666666666667;0,95125;0,666666666666667;1,5;0,666666666666667;0,25;3;10;21;"1"
"537";1,107;0,965;1,12233333333333;1,37675;2,33333333333333;0;1;1;33;24;"X"
"538";0,889;2,11;1,287;1,41175;1,33333333333333;1,5;1;3;27;48;"2"
"539";1,59333333333333;2,219;0,822;1,1555;1;0,5;1,33333333333333;1,75;25;37;"1"
"540";0,829666666666667;1,37033333333333;0,923333333333333;1,94133333333333;0,666666666666667;2;0;3;24;47;"1"
"541";1,49533333333333;1,67866666666667;1,70466666666667;2,59133333333333;1,33333333333333;1,33333333333333;0,333333333333333;2;30;38;"X"
"542";1,612;1,15;1,805;1,253;3;0,333333333333333;3;0,333333333333333;39;6;"1"
"543";1,97633333333333;0,744;0,965333333333333;1,64133333333333;3;1;1;1;40;25;"2"
"544";1,8585;0,720333333333333;1,2765;1,71066666666667;3;0,333333333333333;2,25;2;44;26;"1"
"545";3,019;0,842;1,34525;0,8585;1,5;0;1;1,25;35;24;"1"
"546";1,006;0,751;0,981333333333333;0,94;1;0;0;1,33333333333333;23;9;"X"
"547";0,586;1,56633333333333;1,0215;1,612;0,5;2;0,75;3;10;36;"2"
"548";0,848;1,3215;1,16325;1,35425;0,5;0;0,25;1,75;6;24;"2"
"549";0,815;1,74866666666667;1,256;1,49533333333333;0,5;0,333333333333333;1,5;1,33333333333333;23;30;"1"
"550";0,8425;0,764;0,685;1,5205;3;2;0,5;1,5;18;25;"1"
"551";1,292;1,3395;1,859;1,626;3;1,5;1;2,25;45;40;"1"
"552";1,217;2,913;1,73966666666667;2,964;2,33333333333333;2;1,33333333333333;3;37;41;"2"
"553";1,46866666666667;1,031;0,744;1,30425;1,33333333333333;0;1;2,5;25;30;"2"
"554";0,956;0,9155;1,74866666666667;1,07575;2;1,5;0,333333333333333;2;29;36;"X"
"555";1,485;1,8945;0,960333333333333;1,4075;2,33333333333333;1,5;0;3;27;45;"1"
"556";1,49866666666667;1,5815;1,39833333333333;3,019;2;1,75;2;1,5;37;35;"1"
"557";0,763666666666667;0,471666666666667;1,035;1,07033333333333;1,33333333333333;0,333333333333333;0,333333333333333;2;23;17;"X"
"558";1,31133333333333;0,919666666666667;1,05433333333333;0,625333333333333;1,33333333333333;1;0,333333333333333;0,333333333333333;21;10;"1"
"559";2,417;1,0745;2,913;0,848;2,5;0,25;2;0,5;38;6;"1"
"560";1,60966666666667;0,906333333333333;0,816;2,251;2;2;1,33333333333333;3;25;41;"2"
"561";1,484;0,773333333333333;0,720333333333333;1,006;2;0,333333333333333;0,333333333333333;1;23;23;"1"
"562";1,82066666666667;0,931666666666667;1,56633333333333;1,46866666666667;3;1;2;1,33333333333333;33;25;"1"
"563";1,07033333333333;1,325;0,751;0,744666666666667;1,33333333333333;1;0;1,33333333333333;9;20;"2"
"564";1,19966666666667;1,51;1,97533333333333;0,744666666666667;3;1;2;1,33333333333333;42;20;"1"
"565";0,91;0,701;0,956333333333333;1,484;1,66666666666667;0,333333333333333;2;2;33;23;"1"
"566";1,618;0,755;0,931666666666667;2,57133333333333;2,33333333333333;1,33333333333333;1;2;25;32;"2"
"567";1,90766666666667;1,01633333333333;0,773333333333333;2,251;2;1;0,333333333333333;3;23;38;"2"
"568";1,40266666666667;0,672333333333333;1,39833333333333;1,07033333333333;2;0;2;1,33333333333333;34;9;"1"
"569";1,662;1,397;1,07725;0,956;1,5;1;0,25;2;20;28;"X"
"570";1,27833333333333;1,67766666666667;0,816;1,82066666666667;2;1,33333333333333;1,33333333333333;3;25;30;"2"
"571";2,323;1,1105;2,532;1,20875;2,33333333333333;0,5;2,33333333333333;1,75;35;23;"1"
"572";1,02766666666667;1,20333333333333;0,471666666666667;0,625333333333333;1;1;0,333333333333333;0,333333333333333;14;10;"1"
"573";1,135;0,960333333333333;0,6425;1,455;1,5;0,333333333333333;0,25;1;20;20;"1"
"574";1,801;2,7955;1,693;1,9205;3;3;0,75;2;26;34;"X"
"575";0,811333333333333;1,042;1,20333333333333;1,41033333333333;0;0;1;0,333333333333333;9;5;"X"
"576";2,347;1,0045;1,01633333333333;1,48975;3;1,5;1;1,75;35;25;"1"
"577";1,33766666666667;0,942;1,00666666666667;1,27833333333333;2;1,33333333333333;0,666666666666667;2;22;24;"X"
"578";1,43533333333333;0,717;1,397;1,90766666666667;2;0,333333333333333;1;2;25;23;"1"
"579";2,309;1,35066666666667;1,67766666666667;1,40266666666667;3;2,33333333333333;1,33333333333333;2;27;34;"1"
"580";2,167;1,272;0,89175;1,02766666666667;1,5;1,33333333333333;1,75;1;29;14;"1"
"581";1,84866666666667;0,821;0,717;0,811333333333333;2,33333333333333;0;0,333333333333333;0;23;6;"2"
"582";1,38733333333333;1,73833333333333;1,35066666666667;1,72433333333333;2;1;2,33333333333333;2,33333333333333;31;26;"1"
"583";1,11;1,11;0,889333333333333;1,2085;1,33333333333333;1;1;2,25;22;22;"1"
"584";1,24033333333333;0,975333333333333;2,165;1,43533333333333;1,66666666666667;1,33333333333333;2;2;31;25;"1"
"585";1,9835;0,691;0,9655;0,61475;0,5;0;0;1;5;17;"2"
"586";1,252;0,5065;0,942;1,2335;1,33333333333333;0;1,33333333333333;1,75;21;9;"1"
"587";1,8955;1,73033333333333;1,03475;2,309;1,5;0,333333333333333;0,25;3;20;24;"2"
"588";1,086;1,32533333333333;1,97533333333333;2,347;3;1,33333333333333;2;3;39;35;"1"
"589";1,32533333333333;0,988;0,956333333333333;1,87833333333333;2,33333333333333;2;2;2;32;28;"X"
"590";0,875;0,378666666666667;1,272;0,980666666666667;0,333333333333333;0,333333333333333;1,33333333333333;2;11;20;"1"
"591";2,232;2,141;0,738;1,72433333333333;2;2;0,25;2,33333333333333;20;26;"1"
"592";3,2435;0,752;1,5485;1,32533333333333;3;2;1,75;2,33333333333333;32;32;"1"
"593";1,62666666666667;0,974666666666667;2,141;1,599;1,66666666666667;0,333333333333333;2;1;23;20;"1"
"594";2,82566666666667;0,646;1,73033333333333;1,794;3;0,333333333333333;0,333333333333333;2,33333333333333;21;20;"1"
"595";1,4885;0,926666666666667;0,90725;1,252;3;1,33333333333333;2,25;1,33333333333333;28;18;"2"
"596";0,367;1,337;0,527666666666667;0,875;1;1;0,333333333333333;0,333333333333333;16;10;"X"
"597";0,776333333333333;0,7805;0,821;1,08475;0;0;0;1,25;6;19;"2"
"598";1,9495;1,747;0,86825;1,3475;3;1,5;1;3;25;36;"2"
"599";1,3635;1,337;0,604;1,905;3;1,5;0,25;2;20;28;"2"
"600";1,43666666666667;0,965;0,855666666666667;1,8935;3;2;0,666666666666667;2,25;22;28;"2"
"601";1,22133333333333;0,944666666666667;0,579333333333333;1,39866666666667;1,33333333333333;0;0,333333333333333;0,333333333333333;6;5;"1"
"602";1,59566666666667;0,494;0,926666666666667;0,625;1,33333333333333;0,5;1,33333333333333;1;15;16;"1"
"603";1,10666666666667;0,844;0,858333333333333;1,794;1,33333333333333;0;0,333333333333333;2,33333333333333;18;19;"X"
"604";1,492;0,834333333333333;2,16075;0,776333333333333;1;0;2,25;0;20;6;"1"
"605";2,333;1,733;1,08233333333333;2,99066666666667;3;1,33333333333333;1,66666666666667;3;28;29;"2"
"606";1,382;0,688666666666667;0,882;1,34233333333333;0;0;0;2;4;19;"X"
"607";1,815;0,913333333333333;0,855666666666667;1,85333333333333;3;1,33333333333333;0,666666666666667;2,33333333333333;19;25;"1"
"608";1,0235;1,4015;0,8905;0,7675;0;1,5;0,5;0,5;17;10;"1"
"609";0,882;0,4865;0,752;1,362;2,33333333333333;0,5;2;1;29;6;"1"
"610";1,45866666666667;1,09466666666667;1,40833333333333;1,789;3;3;1;3;33;28;"1"
"611";1,95033333333333;1,435;1,66466666666667;2,82566666666667;1,66666666666667;0,333333333333333;2;3;25;21;"1"
"612";2,50333333333333;2,608;1,435;1,44833333333333;2;3;0,333333333333333;1;18;20;"1"
"613";2,089;1,014;1,66466666666667;1,366;1,33333333333333;0,333333333333333;2;1;24;16;"X"
"614";2,968;0,775;1,754;1,485;3;0;1,75;0,333333333333333;26;4;"1"
"615";0,742666666666667;0,967666666666667;0,676333333333333;1,789;1,33333333333333;2,33333333333333;0,666666666666667;3;16;25;"2"
"616";0,986;0,705666666666667;0,88075;1,59566666666667;1,5;1,33333333333333;0,75;1,33333333333333;16;15;"1"
"617";1,625;0,930333333333333;0,535666666666667;1,815;1;0,666666666666667;0,333333333333333;3;5;18;"X"
"618";0,842;1,434;0,844;1,71125;1,66666666666667;1,5;0;3;16;33;"1"
"619";0,83;0,8655;0,834333333333333;2,47925;0;1;0;2,5;6;25;"2"
"620";0,514666666666667;1,024;0,965666666666667;0,882;0,666666666666667;2;1,33333333333333;2,33333333333333;10;26;"2"
"621";2,251;0,8365;0,98675;0,89325;2;0,5;1,75;1;22;18;"1"
"622";1,13766666666667;1,29366666666667;1,024;2,50333333333333;3;0;2;2;25;17;"X"
"623";1,75433333333333;1,82533333333333;0,967666666666667;2,777;3;2,33333333333333;2,33333333333333;3;22;26;"1"
"624";0,594;0,55;0,676333333333333;0,83;0,333333333333333;0,333333333333333;0,666666666666667;0;13;6;"1"
"625";1,7535;0,978;0,71525;1,812;1,5;1,33333333333333;0,25;2,33333333333333;5;19;"2"
"626";0,360333333333333;1,794;0,965666666666667;1,44833333333333;0,666666666666667;2;1,33333333333333;1;10;17;"2"
"627";2,70633333333333;1,028;1,00933333333333;0,842;2,33333333333333;1;1,66666666666667;1,66666666666667;22;16;"1"
"628";1,449;1,025;0,930333333333333;1,366;2,33333333333333;0,333333333333333;0,666666666666667;1;15;16;"1"
"629";1,697;0,715;2,341;1,24325;3;0;2;0,25;30;4;"1"
"630";1,835;1,261;0,705666666666667;2,089;1,33333333333333;1;1,33333333333333;1,33333333333333;15;21;"2"
"631";0,789;1,068;1,16233333333333;0,852666666666667;0,333333333333333;1;1,33333333333333;2;15;16;"1"
"632";2,44;0,597666666666667;2,11275;0,594;3;1;1,75;0,333333333333333;23;13;"1"
"633";1,438;1,04066666666667;1,794;1,449;1;0,333333333333333;2;2,33333333333333;16;14;"X"
"634";2,12833333333333;0,871;1,29366666666667;1,38866666666667;1,33333333333333;0,333333333333333;0;1;14;5;"1"
"635";0,631;2,03833333333333;0,97625;1,697;0,5;2;1;3;15;27;"2"
"636";0,570666666666667;0,619333333333333;1,028;1,835;1,66666666666667;1;1;1,33333333333333;15;14;"X"
"637";0,523333333333333;0,914666666666667;0,55;1,13766666666667;0;1,33333333333333;0,333333333333333;3;6;22;"2"
"638";1,52233333333333;1,24833333333333;1,025;1,75433333333333;2;2,33333333333333;0,333333333333333;3;16;19;"2"
"639";0,812666666666667;0,474333333333333;0,840333333333333;0,360333333333333;0,333333333333333;0,333333333333333;0,333333333333333;0,666666666666667;4;7;"2"
"640";2,066;1,307;1,261;2,508;2;2;1;2,5;20;21;"X"
"641";1,69233333333333;1,3685;0,978;0,97325;2,33333333333333;1,5;1,33333333333333;2,25;16;16;"1"
"642";1,07366666666667;0,665;0,936;0,523333333333333;2;1,33333333333333;1;0;13;6;"1"
"643";1,76033333333333;0,794;0,619333333333333;1,69233333333333;1,33333333333333;1,33333333333333;1;2,33333333333333;13;15;"X"
"644";1,763;1,10133333333333;1,006;2,12833333333333;2;1;0,25;1,33333333333333;11;14;"1"
"645";1,2215;1,082;0,9555;0,485666666666667;0;1,33333333333333;0,25;1,33333333333333;2;15;"1"
"646";0,397333333333333;2,33666666666667;0,474333333333333;2,36533333333333;0,333333333333333;2;0,333333333333333;3;6;22;"X"
"647";2,74766666666667;0,750666666666667;1,105;1,52233333333333;2,33333333333333;0,333333333333333;1,33333333333333;2;18;16;"1"
"648";1,43266666666667;0,8925;0,914666666666667;0,8565;3;0,5;1,33333333333333;0,5;19;4;"1"
"649";1,86266666666667;1,1415;1,24833333333333;0,6375;2;1,5;2,33333333333333;1,5;16;15;"1"
"650";2,61133333333333;1,269;2,03833333333333;2,066;3;1,33333333333333;2;2;24;20;"1"
"651";0,867;1,58333333333333;0,597666666666667;1,438;1,33333333333333;1,33333333333333;1;1;13;13;"2"
"652";0,49;0,434;0,65175;1,5085;0;0;1,25;1;6;10;"2"
"653";0,224;0,634666666666667;1,43675;0,867;1,5;0,666666666666667;1,75;1,33333333333333;14;12;"X"
"655";1,57766666666667;0,9175;1,10133333333333;1,44875;1,33333333333333;2;1;2;11;15;"1"
"656";2,851;1,22566666666667;1,839;1,37333333333333;3;0,333333333333333;1,5;1,33333333333333;21;11;"1"
"657";2,62633333333333;0,764;1,105;1,06475;2,33333333333333;1,5;1,33333333333333;2,25;15;13;"1"
"658";1,25833333333333;0,437666666666667;1,269;0,397333333333333;2;0,666666666666667;1,33333333333333;0,333333333333333;17;6;"1"
"659";1,06566666666667;1,36666666666667;0,999;1,86266666666667;0,666666666666667;1,33333333333333;0,333333333333333;2;4;13;"2"
"660";1,95266666666667;1,93833333333333;0,750666666666667;2,36533333333333;3;1;0,333333333333333;3;16;19;"2"
"90";1,5025;1,50066666666667;0,769;1,37866666666667;1,5;0,333333333333333;1,5;2,33333333333333;13;14;"X"
"91";1,555;2,8655;1,224;2,148;0,333333333333333;3;0,333333333333333;2,5;6;25;"2"
"92";1,426;0,514;1,43225;0,978666666666667;0,5;2;1;2;9;13;"1"
"93";1,981;2,0335;1,929;2,33375;3;1,5;2;1,75;21;14;"X"
"96";1,965;1,214;1,26066666666667;0,7025;1;0;1;0,25;12;2;"2"
"97";1,09766666666667;1,06333333333333;0,595;0,915333333333333;1,66666666666667;0,333333333333333;0,333333333333333;0;10;2;"1"
"98";1,4;0,457666666666667;1,0985;1,247;1,5;0;1;2,33333333333333;14;8;"X"
"99";2,098;1,0715;1,9985;1,59675;3;3;2,25;2,25;18;19;"2"
"100";2,36133333333333;0,869666666666667;1,16;1,64;2,33333333333333;1,33333333333333;1,33333333333333;1,33333333333333;15;14;"1"
"101";2,222;1,224;1,929;1,149;2,33333333333333;0,333333333333333;2;0,333333333333333;22;6;"1"
"102";1,37866666666667;1,617;1,32833333333333;2,205;2,33333333333333;1,33333333333333;0,333333333333333;2;15;15;"X"
"103";1,66733333333333;0,774;1,254;1,64;3;1,33333333333333;3;1,33333333333333;22;14;"1"
"104";1,10166666666667;1,16;0,913333333333333;2,08933333333333;0;1,33333333333333;1,33333333333333;3;9;18;"2"
"105";1,247;1,64666666666667;0,737666666666667;1,94533333333333;2,33333333333333;1,33333333333333;0,333333333333333;1,33333333333333;9;12;"2"
"106";0,915333333333333;1,218;1,06766666666667;1,579;0;1,33333333333333;0;1,33333333333333;2;15;"2"
"107";0,978666666666667;1,26166666666667;0,873666666666666;0,799;2;1;1;0,333333333333333;13;5;"X"
"108";1,11666666666667;0,801666666666667;1,07966666666667;1,321;1,33333333333333;1,66666666666667;1,33333333333333;1,33333333333333;15;14;"2"
"109";1,81033333333333;1,26066666666667;1,75033333333333;1,60933333333333;2;1;2;0;18;12;"1"
"110";1,914;0,595;2,40533333333333;1,44566666666667;2,33333333333333;0,333333333333333;3;2,33333333333333;28;13;"1"
"111";1,1675;1,32833333333333;1,05225;1,215;0,5;0,333333333333333;1;1,66666666666667;6;16;"X"
"112";1,651;1,7145;0,64475;2,27925;0,5;1,5;1;2,5;14;25;"2"
"113";1,60933333333333;0,597333333333333;1,32666666666667;1,44566666666667;0;0,333333333333333;1;2,33333333333333;12;13;"X"
"114";1,4385;0,873666666666666;1,118;0,493333333333333;2;1;2;1,33333333333333;17;14;"2"
"115";2,08933333333333;2,1495;0,912666666666667;1,96375;3;3;2;2,5;21;31;"2"
"116";1,3205;1,75033333333333;1,19975;1,72066666666667;0,5;2;1,75;2;18;21;"X"
"117";0,568666666666667;0,737666666666667;1,06766666666667;1,56;0;0,333333333333333;0;1,33333333333333;2;9;"X"
"118";1,149;0,8125;1,13333333333333;0,9365;0,333333333333333;0,5;0,333333333333333;0;6;9;"1"
"119";2,205;1,07966666666667;1,209;1,714;2;1,33333333333333;1,66666666666667;1,33333333333333;16;15;"1"
"120";1,94533333333333;1,48;1,57;2,09175;1,33333333333333;3;2;3;15;25;"1"
"121";2,16933333333333;1,24033333333333;1,42666666666667;1,00733333333333;3;1,33333333333333;2;0,666666666666667;25;7;"1"
"122";2,33466666666667;1,32666666666667;1,94433333333333;1,90733333333333;2,33333333333333;1;3;0,333333333333333;34;13;"1"
"123";0,968;1,209;1,793;2,37466666666667;0;1,66666666666667;0,333333333333333;2;9;19;"1"
"124";1,39266666666667;0,54;0,497666666666667;1,714;0,333333333333333;1;0,333333333333333;1,33333333333333;14;15;"X"
"125";1,72066666666667;0,7165;1,74566666666667;1,77225;2;1,5;1,33333333333333;2,25;22;21;"X"
"126";1,56;1,45566666666667;1,244;1,215;1,33333333333333;0,666666666666667;0,666666666666667;1,66666666666667;10;17;"X"
"127";1,27233333333333;1,57;1,13333333333333;3,09866666666667;1;2;0,333333333333333;2;9;18;"1"
"128";2,086;0,8005;1,73933333333333;0,988;2,33333333333333;0;2;0,25;28;3;"X"
"129";0,493333333333333;0,904333333333333;1,37966666666667;1,061;1,33333333333333;1,33333333333333;2;0,666666666666667;17;19;"1"
"130";1,6925;1,416;0,69925;1,73833333333333;3;2,33333333333333;0,5;1,33333333333333;14;17;"X"
"131";1,7375;1,244;0,5685;1,21533333333333;0,5;0,666666666666667;1;0,666666666666667;16;11;"1"
"132";1,3125;1,94433333333333;1,49775;1,92766666666667;1;3;0,75;2,33333333333333;18;37;"2"
"133";1,90733333333333;0,9775;1,047;1,562;0,333333333333333;0,5;1;1,5;13;12;"X"
"134";2,3335;1,42666666666667;1,21925;2,78733333333333;1,5;2;1,25;3;19;28;"X"
"135";1,21233333333333;2,176;0,647;1,53975;0,333333333333333;2;0,333333333333333;1,75;4;23;"X"
"136";0,867;0,884333333333333;0,97925;1,18133333333333;1;0,666666666666667;1;2,33333333333333;7;15;"X"
"137";1,2395;2,191;1,058;1,06775;1;0,5;1;0,75;19;12;"X"
"138";1,73833333333333;0,497666666666667;1,20633333333333;1,547;1,33333333333333;0,333333333333333;1,66666666666667;0,666666666666667;18;15;"1"
"139";1,513;1,37966666666667;0,613;1,016;2;2;1,33333333333333;1,33333333333333;22;20;"1"
"140";3,09866666666667;1,897;2,01666666666667;1,89125;2;3;2;2;18;29;"2"
"141";1,92766666666667;1,716;1,586;2,78733333333333;2,33333333333333;1,33333333333333;3;3;40;29;"1"
"142";1,591;0,612;1,79333333333333;1,71533333333333;1,33333333333333;0,333333333333333;1,66666666666667;1,33333333333333;24;19;"X"
"143";0,818;1,338;1,12075;2,12766666666667;2;0,666666666666667;0,75;1,33333333333333;16;20;"X"
"144";1,93233333333333;0,659;1,85933333333333;1,141;1,66666666666667;1,33333333333333;3;1;32;8;"1"
"145";1,47275;1,20633333333333;0,5965;1,89466666666667;2,25;1,66666666666667;2;1,33333333333333;25;21;"X"
"146";1,547;1,047;0,759333333333333;1,12033333333333;0,666666666666667;1;0;0,666666666666667;15;14;"X"
"147";1,41666666666667;1,44633333333333;1,40066666666667;1,21533333333333;2;0,666666666666667;0,666666666666667;0,666666666666667;13;11;"1"
"148";1,016;0,7645;1,41;1,1845;1,33333333333333;0,5;1;0,5;20;5;"X"
"149";1,17633333333333;2,01666666666667;1,50833333333333;2,75766666666667;1;2;0,666666666666667;2;13;18;"2"
"150";1,43633333333333;1,66133333333333;1,102;1,26133333333333;1;1;1,33333333333333;0,666666666666667;20;18;"X"
"151";1,89466666666667;1,586;1,30733333333333;1,80633333333333;1,33333333333333;3;1,66666666666667;3;22;43;"2"
"152";3,136;1,50833333333333;1,548;0,903;3;0,666666666666667;1;1;29;13;"1"
"153";2,3785;0,759333333333333;1,448;1,28733333333333;2;0;0,75;0,666666666666667;21;16;"1"
"154";1,04266666666667;1,7865;1,187;2,059;1,66666666666667;3;0,666666666666667;2;17;35;"2"
"155";1,192;1,506;1,79625;1,65525;0,5;0,5;1;2,25;19;16;"1"
"156";1,188;1,332;0,561;1,351;1;1,5;1;1;8;21;"2"
"157";1,931;1,41;0,69275;1,45633333333333;1,5;1;0,5;1,66666666666667;20;21;"1"
"158";1,12033333333333;1,004;1,30066666666667;1,294;0,666666666666667;0,666666666666667;0,333333333333333;0,666666666666667;15;6;"X"
"159";2,75766666666667;1,2585;2,04566666666667;2,24325;2;1;2;1,25;21;25;"1"
"160";1,0755;0,5965;1,60575;1,25725;0,5;2;0,5;1,75;11;26;"X"
"161";1,80633333333333;1,66933333333333;1,541;2,21;3;0,666666666666667;3;2,33333333333333;46;24;"1"
"162";1,294;1,52433333333333;0,921;2,824;0,666666666666667;0,333333333333333;1;3;7;32;"X"
"163";1,45633333333333;1,63866666666667;1,18833333333333;0,841;1,66666666666667;0,333333333333333;1;0,666666666666667;21;12;"X"
"164";2,11633333333333;0,740333333333333;1,46866666666667;1,85933333333333;3;0,666666666666667;0,333333333333333;2;16;23;"2"
"165";1,28733333333333;2,04566666666667;1,34566666666667;2,01666666666667;0,666666666666667;2;0;2;16;24;"1"
"166";1,16466666666667;1,99833333333333;0,619666666666667;1,32433333333333;1,33333333333333;1;1,66666666666667;1,33333333333333;27;22;"2"
"167";2,06566666666667;1,30066666666667;1,51633333333333;1,075;2,33333333333333;0,333333333333333;3;1;38;16;"1"
"168";1,15566666666667;1,30733333333333;1,28033333333333;1,77866666666667;1;1,66666666666667;2;1;24;22;"X"
"169";0,903;0,295666666666667;1,40566666666667;0,930333333333333;1;0,333333333333333;0,333333333333333;0,666666666666667;13;8;"X"
"170";2,57933333333333;1,187;1,067;0,769333333333333;1,66666666666667;0,666666666666667;0,666666666666667;0,666666666666667;25;17;"1"
"171";2,5535;1,51633333333333;1,67875;2,11666666666667;3;3;0,5;2,33333333333333;33;41;"1"
"172";2,21;1,348;1,09366666666667;1,49475;2,33333333333333;1,5;0,333333333333333;1;24;25;"1"
"173";1,075;1,40566666666667;1,17666666666667;0,879;1;0,333333333333333;0,333333333333333;1,33333333333333;16;14;"X"
"174";1,77866666666667;1,8205;0,706333333333333;1,89975;1;0,5;1;2,25;23;16;"1"
"175";2,01666666666667;1,541;2,31466666666667;1,86133333333333;2;3;1;3;24;49;"X"
"176";0,3495;1,067;1,29525;2,59633333333333;1;0,666666666666667;0,5;1,66666666666667;13;28;"2"
"177";0,769333333333333;1,89;1,54933333333333;1,31475;0,666666666666667;0;0,666666666666667;1,25;17;19;"1"
"178";1,374;1,18833333333333;1,5695;1,52066666666667;1,5;1;1,5;1,66666666666667;25;22;"2"
"179";1,6935;0,921;1,03025;1,318;3;1;1,25;1;26;8;"1"
"180";0,930333333333333;0,536;0,561666666666667;1,05325;0,666666666666667;1;0,333333333333333;1;9;27;"X"
"371";0,888;1,893;0,843333333333333;1,75066666666667;2,33333333333333;2;0,333333333333333;1;23;32;"1"
"372";0,7135;1,716;0,66775;2,861;2;1,33333333333333;1,75;2;31;70;"1"
"373";1,663;1,0415;1,25766666666667;1,25375;2;0;0,333333333333333;0,75;59;14;"X"
"374";1,65066666666667;2,0305;0,609;1,508;0,666666666666667;3;1,33333333333333;2;50;49;"1"
"375";1,02266666666667;0,769;1,50333333333333;1,47666666666667;0,333333333333333;0;1;1,66666666666667;59;45;"1"
"376";1,58066666666667;1,072;2,723;1,59425;1,33333333333333;0;3;1,75;84;36;"1"
"377";1,391;2,19966666666667;0,9985;2,847;0,5;2,33333333333333;0,5;3;48;83;"2"
"378";2,26166666666667;1,59266666666667;0,726666666666667;2,07133333333333;3;1;0;1;44;63;"1"
"379";1,818;0,668;0,802666666666667;1,23166666666667;1,66666666666667;1,33333333333333;1,66666666666667;0,333333333333333;69;43;"1"
"380";1,541;1,637;0,54775;2,04033333333333;3;1,33333333333333;0,25;2,33333333333333;41;88;"2"
"381";1,085;0,693;1,33633333333333;0,888;0;0,333333333333333;0,333333333333333;2,33333333333333;11;23;"1"
"382";2,85766666666667;1,609;1,716;1,02266666666667;2;0;1,33333333333333;0,333333333333333;70;56;"2"
"383";1,809;0,563;1,893;1,86375;1,33333333333333;1;2;1,5;32;66;"2"
"384";2,20633333333333;0,64;1,59266666666667;1,25833333333333;1;0,333333333333333;1;2;60;41;"1"
"385";1,35966666666667;0,837;1,71466666666667;2,07875;1,66666666666667;0;2,33333333333333;2,25;46;44;"1"
"386";2,22;0,803333333333333;1,637;1,14733333333333;2,33333333333333;2,33333333333333;1,33333333333333;2,33333333333333;85;31;"1"
"387";1,37633333333333;1,01466666666667;0,769;1,19933333333333;2,33333333333333;0,333333333333333;0;0,666666666666667;44;47;"X"
"388";1,44833333333333;1,126;0,999666666666667;1,65066666666667;1,33333333333333;2,33333333333333;0;0,666666666666667;33;50;"1"
"389";2,102;1,547;2,178;1,663;3;0,666666666666667;2,5;2;80;59;"1"
"390";0,924;2,438;0,613;1,58066666666667;0,5;3;1;1,33333333333333;43;81;"2"
"391";1,46433333333333;1,41633333333333;2,438;2,22;1,33333333333333;1,66666666666667;3;2,33333333333333;78;85;"1"
"392";1,235;0,744666666666667;1,358;0,956666666666667;0,5;1;1;0,333333333333333;46;42;"X"
"393";1,92366666666667;1,47433333333333;1,08866666666667;1,809;2;2;1;1,33333333333333;41;32;"1"
"394";1,10266666666667;0,652;0,693;1,14375;1,33333333333333;0;0,333333333333333;1;20;33;"1"
"395";2,305;2,12833333333333;1,126;1,854;1;2,33333333333333;2,33333333333333;2,33333333333333;50;77;"2"
"396";1,079;1,525;0,545;1,041;1,5;0,5;0,25;0,25;38;11;"1"
"397";1,2685;1,06066666666667;0,80625;1,37633333333333;2;0,333333333333333;2,5;2,33333333333333;28;44;"1"
"398";1,24966666666667;1,49;1,609;1,349;0,333333333333333;2;0;1,25;56;43;"2"
"399";1,92966666666667;2,08533333333333;1,68766666666667;2,20633333333333;1,66666666666667;1;1,66666666666667;1;65;59;"X"
"400";1,434;1,76566666666667;1,547;2,85766666666667;2;2,33333333333333;0,666666666666667;2;56;70;"1"
"401";2,52033333333333;2,0165;2,08533333333333;1,69675;2;3;1;1,75;59;75;"2"
"402";1,544;0,684;1,47433333333333;1,654;0,333333333333333;0,333333333333333;2;2;29;38;"1"
"403";1,147;0,919;1,118;1,09466666666667;0,333333333333333;2,33333333333333;0,333333333333333;1,33333333333333;11;25;"2"
"404";1,101;1,79966666666667;1,27433333333333;1,434;1,33333333333333;1,33333333333333;1,33333333333333;2;42;55;"X"
"405";1,10566666666667;1,74666666666667;0,534666666666667;1,24966666666667;0,333333333333333;0,333333333333333;0;0,333333333333333;30;56;"1"
"406";0,998;0,430666666666667;0,85425;1,10266666666667;0;0;0,75;1,33333333333333;41;19;"X"
"407";2,165;1,23766666666667;1,5455;0,975;1,5;1,33333333333333;2;0,333333333333333;67;46;"1"
"408";1,87533333333333;2,12;1,06066666666667;2,0705;3;2;0,333333333333333;2;43;64;"X"
"409";1,7855;1,519;1,556;2,009;3;3;2;1;84;49;"X"
"410";1,4325;1,3395;2,1055;1,47725;2;1,5;2,5;1,75;74;41;"1"
"411";2,06866666666667;2,279;1,74666666666667;2,116;1,33333333333333;2,33333333333333;0,333333333333333;2,33333333333333;56;71;"2"
"412";0,823666666666667;1,00866666666667;0,534666666666667;1,45666666666667;0,333333333333333;0;0;1;30;38;"2"
"413";1,149;2,1645;0,430666666666667;1,61425;0,333333333333333;2;0;2,25;16;55;"1"
"414";1,381;1,62333333333333;0,751;2,52033333333333;1,5;0,666666666666667;1,75;2;24;58;"X"
"415";1,506;1,115;1,51766666666667;0,9895;1,33333333333333;0,5;1;0,25;38;11;"1"
"416";1,156;0,963;1,23725;0,986;0,5;0,5;1,5;1;29;39;"2"
"417";1,7485;1,36633333333333;0,8545;1,87533333333333;1,5;1,33333333333333;1;3;35;43;"1"
"418";1,72433333333333;1,43666666666667;2,14433333333333;2,16733333333333;2,33333333333333;1,66666666666667;3;2;75;64;"2"
"419";2,041;1,316;1,15866666666667;0,975;1;2;2;0,333333333333333;48;45;"X"
"420";2,02533333333333;1,61166666666667;1,687;2,33933333333333;2,33333333333333;2,33333333333333;1,33333333333333;3;63;83;"X"
"421";0,534333333333333;1,7895;1,164;1,608;0,333333333333333;3;0,333333333333333;1,75;11;72;"2"
"422";2,7605;0,591666666666667;1,4135;0,823666666666667;3;1;2;0,333333333333333;80;30;"1"
"423";1,17033333333333;1,733;1,36633333333333;1,36775;2,33333333333333;1,5;1,33333333333333;1;40;38;"1"
"424";1,284;0,511;1,316;1,33733333333333;1,33333333333333;1,33333333333333;2;1,33333333333333;45;21;"2"
"425";3,22666666666667;1,036;1,62333333333333;0,902666666666667;3;1;0,666666666666667;0,333333333333333;58;26;"2"
"426";1,655;0,326666666666667;1,5815;1,149;1,5;0;2;0,333333333333333;61;16;"1"
"427";1,698;1,125;1,14325;2,29225;1,5;1,5;0;1,5;38;45;"2"
"428";0,982666666666667;1,96233333333333;0,924666666666667;2,116;1;3;0,666666666666667;2,33333333333333;38;70;"X"
"429";1,37466666666667;1,98333333333333;1,677;2,06866666666667;2;1,33333333333333;1,66666666666667;1,33333333333333;52;56;"1"
"430";1,872;0,739666666666667;1,687;1,29033333333333;1,66666666666667;1,33333333333333;1,33333333333333;1;60;35;"1"
"431";1,998;1,43166666666667;1,96233333333333;1,17033333333333;1,33333333333333;1,33333333333333;3;2,33333333333333;67;40;"1"
"433";1,65933333333333;1,91833333333333;1,704;1,872;2;2;3;1,66666666666667;71;59;"X"
"434";1,42966666666667;0,842666666666667;0,326666666666667;1,29033333333333;0,333333333333333;1,33333333333333;0;1;15;34;"X"
"435";0,873666666666667;1,05933333333333;1,42666666666667;1,883;0,333333333333333;0;2;2;35;38;"1"
"436";2,16833333333333;0,531;1,44766666666667;1,271;1,66666666666667;1,5;1,33333333333333;1;44;20;"X"
"437";1,65233333333333;0,413666666666667;1,677;0,902666666666667;2,33333333333333;0;1,66666666666667;0,333333333333333;52;23;"2"
"438";0,713;1,08733333333333;1,05925;2,629;0,5;1,66666666666667;0,25;3;11;77;"2"
"439";1,21533333333333;1,30633333333333;0,591666666666667;1,44533333333333;0,333333333333333;2,33333333333333;1;2;29;60;"X"
"440";2,01166666666667;1,82066666666667;1,98333333333333;3,22666666666667;1;1,33333333333333;1,33333333333333;3;55;57;"X"
"441";1,599;1,68266666666667;1,3875;1,998;3;3;2,5;1,33333333333333;60;64;"2"
"442";1,54533333333333;0,649;1,43166666666667;1,21533333333333;1,33333333333333;1;1,33333333333333;0,333333333333333;37;29;"1"
"443";1,023;2,06366666666667;0,413333333333333;2,01166666666667;0,333333333333333;2,33333333333333;1;1;17;55;"1"
"444";2,35933333333333;0,442;1,82066666666667;1,42966666666667;3;0;1,33333333333333;0,333333333333333;54;15;"1"
"445";1,317;1,9665;0,842666666666667;1,53075;1;3;1,33333333333333;2,25;34;68;"2"
"446";0,5455;1,12;1,28275;2,16833333333333;0,5;0,333333333333333;1,75;1,66666666666667;35;41;"2"
"448";2,48766666666667;1,365;1,08733333333333;1,6515;3;0;1,66666666666667;1,5;74;38;"1"
"449";1,82933333333333;1,25166666666667;1,91833333333333;1,067;2,33333333333333;1,33333333333333;2;0;58;34;"X"
"450";0,674;0,770333333333333;0,413666666666667;1,144;0;0;0;1,33333333333333;22;10;"X"
"452";2,17266666666667;1,492;1,68266666666667;2,48766666666667;2;2,33333333333333;3;3;63;73;"X"
"453";1,708;1,474;0,5155;1,82933333333333;0,5;2;0,75;2,33333333333333;29;55;"2"
"454";1,94066666666667;1,10633333333333;1,684;1,317;2,33333333333333;1,33333333333333;1,33333333333333;1;48;34;"1"
"455";1,186;1,17966666666667;0,442;0,512;0,333333333333333;1,33333333333333;0;0,333333333333333;15;32;"2"
"456";1,86133333333333;0,2125;1,85533333333333;0,8805;2;0;1;0,25;38;14;"2"
"457";1,2615;1,10933333333333;0,79325;2,35933333333333;1,5;1,33333333333333;0;3;9;53;"X"
"458";2,218;0,947333333333333;1,12;1,54533333333333;2,33333333333333;1;0,333333333333333;1,33333333333333;40;36;"X"
"459";1,59933333333333;0,389;2,09366666666667;0,674;2;0;3;0;65;22;"1"
"460";1,29733333333333;1,51066666666667;1,25166666666667;1,89566666666667;0;2,33333333333333;1,33333333333333;2,33333333333333;34;57;"2"
"461";1,99533333333333;1,276;2,09366666666667;1,29733333333333;2;2,33333333333333;3;0;62;34;"1"
"462";1,05;0,4235;0,91625;1,08075;0,5;0;1;1;33;15;"1"
"463";0,911;2,1915;1,10633333333333;1,44725;0;1,5;1,33333333333333;1,75;31;38;"1"
"464";0,72475;0,952333333333333;0,2125;1,94066666666667;0,25;0,333333333333333;0;2,33333333333333;14;45;"2"
"466";0,699;2,497;0,92075;1,89566666666667;0;3;1;2,33333333333333;31;56;"X"
"467";1,58366666666667;0,956333333333333;1,474;1,45;2,33333333333333;0;2;1;52;9;"1"
"468";0,873333333333333;1,749;0,389;2,17266666666667;0,333333333333333;3;0;2;22;60;"2"
"469";2,593;0,587333333333333;1,27;1,39566666666667;3;1;1,75;0,333333333333333;50;29;"1"
"470";2,7665;1,73266666666667;1,3225;2,422;3;2;0,5;2;39;54;"X"
"751";1,59833333333333;1,51833333333333;2,332;1,62266666666667;1,66666666666667;2,33333333333333;2,33333333333333;1;72;69;"2"
"752";0,932666666666667;0,986666666666667;1,47666666666667;1,29566666666667;2,33333333333333;2,33333333333333;2;2,33333333333333;43;74;"2"
"753";1,08533333333333;3,3495;1,07166666666667;1,8065;1,33333333333333;2;1;2;36;60;"1"
"754";0,919333333333333;0,752333333333333;1,39133333333333;1,422;1,33333333333333;1,33333333333333;1,33333333333333;1,33333333333333;37;21;"1"
"755";0,8095;0,693;2,15525;1,049;0;0,333333333333333;1;1;37;39;"1"
"756";1,6615;0,718333333333333;0,853;1,27266666666667;2;1;1,75;1,66666666666667;88;35;"1"
"757";0,957666666666667;1,0115;0,683666666666667;1,6585;1,33333333333333;1,5;1,66666666666667;1;61;57;"1"
"758";0,794666666666667;0,372333333333333;0,792333333333333;1,64;1,33333333333333;0;1,33333333333333;2;35;54;"1"
"759";1,876;0,540333333333333;1,01333333333333;1,213;2;0,666666666666667;0;1,33333333333333;41;51;"2"
"760";1,53133333333333;0,793;0,737;0,746666666666667;2;0;1,66666666666667;0;92;25;"1"
"761";1,73866666666667;1,49033333333333;0,986666666666667;1,53133333333333;2;2,33333333333333;2,33333333333333;2;73;91;"X"
"762";1,75533333333333;0,818666666666667;0,372333333333333;2,38533333333333;2,33333333333333;1,33333333333333;0;2,33333333333333;54;85;"2"
"763";1,71266666666667;0,945;2,716;1,21625;2,33333333333333;2;1,66666666666667;1,25;59;60;"X"
"764";2,05633333333333;0,536666666666667;0,884666666666667;1,08533333333333;1,33333333333333;0;2;1,33333333333333;57;33;"2"
"765";0,7215;0,746;0,68825;0,919333333333333;1,5;0,333333333333333;0,25;1,33333333333333;39;34;"2"
"766";1,145;1,87233333333333;0,718333333333333;1,59833333333333;2,33333333333333;3;1;1,66666666666667;34;71;"X"
"767";1,08933333333333;0,872;0,540333333333333;0,744;1,33333333333333;2;0,666666666666667;1,25;48;35;"1"
"768";0,814;2,08233333333333;0,793;0,798;1;0,333333333333333;0;0;25;34;"2"
"769";1,4885;1,17466666666667;1,3635;0,932666666666667;1,5;1,33333333333333;1,75;2,33333333333333;69;40;"2"
"770";1,42866666666667;0,737333333333333;0,752333333333333;1,876;0,333333333333333;0,333333333333333;1,33333333333333;2;18;41;"1"
"771";1,1215;1,52233333333333;0,6925;1,73866666666667;2;1,66666666666667;0;2;33;70;"2"
"772";1,0345;0,799333333333333;1,0505;1,75533333333333;2;1;1,25;2,33333333333333;37;54;"1"
"773";2,32933333333333;2,596;1,87233333333333;1,60225;2,33333333333333;2;3;1,75;70;58;"X"
"774";0,382;0,956;0,671333333333333;1,78625;0,666666666666667;2;1,66666666666667;1;32;18;"1"
"775";0,749666666666667;0,947333333333333;0,746;1,145;0,666666666666667;1;0,333333333333333;2,33333333333333;31;34;"1"
"776";1,45166666666667;1,18;0,737333333333333;2,05633333333333;3;2;0,333333333333333;1,33333333333333;41;54;"2"
"777";2,635;0,654;1,14025;1,37175;3;0,5;1,25;1,75;84;47;"X"
"778";0,713666666666667;1,40575;2,08233333333333;1,4885;0;1,25;0,333333333333333;1,5;34;66;"2"
"779";1,06366666666667;0,511333333333333;1,49033333333333;0,579333333333333;2;0,333333333333333;2,33333333333333;1,33333333333333;88;39;"1"
"780";1,09075;0,817333333333333;0,945;0,814;0,75;0;2;1;57;25;"1"
"781";1,71766666666667;1,3985;1,345;2;2,33333333333333;3;1,33333333333333;2;47;67;"2"
"782";1,744;1,48833333333333;1,18;2,29766666666667;1,33333333333333;1,66666666666667;2;3;51;84;"1"
"783";1,058;0,562;1,11825;1,17;2;0;0,75;1,33333333333333;51;33;"1"
"784";1,878;0,5325;2,596;1,76125;1,75;0,5;2;2,5;55;41;"1"
"785";0,662;0,7955;0,6065;1,09075;2;0,5;0,5;0,75;39;54;"2"
"786";0,6975;0,3715;0,70125;0,302;1,5;1;0;0,75;25;29;"2"
"787";1,825;1,295;0,722666666666667;0,713666666666667;1;0;1,33333333333333;0;17;33;"X"
"788";0,521;0,959666666666667;0,7675;1,302;2;1,66666666666667;0,75;1,66666666666667;31;37;"1"
"789";2,754;1,33733333333333;1,40575;1,06366666666667;3;1,66666666666667;1,25;2;66;85;"2"
"790";1,771;0,403;1,7605;0,63175;1,5;0,5;2;1,25;67;31;"1"
"791";1,834;0,418;0,692;0,565;2,33333333333333;0;0,333333333333333;1;38;25;"1"
"792";1,55;1,41266666666667;1,33733333333333;2,29766666666667;3;1;1,66666666666667;3;85;81;"2"
"793";0,573;0,855333333333333;1,295;0,505666666666667;0;0;0;1,33333333333333;33;28;"2"
"794";0,385666666666667;1,87925;0,568333333333333;2,754;1,66666666666667;1,25;0,333333333333333;3;31;63;"2"
"795";1,78666666666667;1,39733333333333;1,194;0,864333333333333;1,66666666666667;1;2,33333333333333;1,33333333333333;64;51;"1"
"796";1,73466666666667;1,7235;2,858;1,422;1,33333333333333;2;2,33333333333333;1,75;52;47;"1"
"797";1,1785;0,629666666666667;0,86375;0,593;1,5;0,333333333333333;0,75;1,33333333333333;32;38;"X"
"798";1,664;0,8595;0,7955;1,81275;1,5;0,5;0,5;0,75;54;14;"2"
"799";1,592;1,813;0,9415;1,744;1;3;2;1,33333333333333;34;51;"1"
"800";0,326;1,879;0,408333333333333;1,64766666666667;1;1,66666666666667;1;2;29;64;"2"
"801";0,6245;0,993;1,25825;0,593;0,5;0,333333333333333;0,75;1,33333333333333;48;38;"1"
"802";0,395;0,663666666666667;0,408333333333333;0,385666666666667;1,66666666666667;0;1;1,66666666666667;28;30;"X"
"803";1,5615;0,631;1,8445;1,60875;1,5;0,5;2;1,75;61;38;"1"
"804";1,24133333333333;1,6795;0,855333333333333;1,6845;2;2;0;3;27;84;"X"
"805";1,875;0,989;1,813;1,386;2,33333333333333;2;3;1,25;51;61;"2"
"806";1,41566666666667;0,907;1,45366666666667;1,664;2;1,5;1,33333333333333;1,5;46;53;"X"
"807";0,493;0,618333333333333;0,418;1,775;2;1,66666666666667;0;1;25;31;"2"
"808";2,58266666666667;0,601;1,41266666666667;0,573;2;0;1;0;78;33;"1"
"809";2,169;1,72233333333333;0,976;1,73466666666667;1;1,33333333333333;0,333333333333333;1,33333333333333;14;49;"2"
"810";1,6605;1,15166666666667;1,87925;1,30966666666667;2;1;1,25;1,33333333333333;60;32;"1"
"811";1,638;2,22666666666667;1,12166666666667;1,24666666666667;1,33333333333333;2,33333333333333;2,33333333333333;1;60;60;"X"
"812";1,46366666666667;1,408;1,46166666666667;0,67;3;1;2,33333333333333;1,33333333333333;81;48;"1"
"813";1,56166666666667;0,620666666666667;0,618333333333333;2,169;0,666666666666667;0;1,66666666666667;1;30;13;"X"
"814";0,843333333333333;0,342;0,993;0,61525;1,33333333333333;0;0,333333333333333;2,25;35;25;"1"
"816";1,47633333333333;0,691;1,813;0,395;3;1,66666666666667;3;1,66666666666667;50;27;"X"
"817";1,967;2,15366666666667;1,555;1,393;1,5;1,33333333333333;1,75;2,33333333333333;48;59;"X"
"818";1,541;0,99;0,687666666666667;1,2395;1,33333333333333;0;0,333333333333333;1,5;35;27;"1"
"819";0,3;1,56933333333333;0,5665;1,41566666666667;2;1;0;2;29;45;"X"
"820";1,04966666666667;0,692666666666667;1,15166666666667;0,573;0,333333333333333;0;1;0;29;33;"1"
"822";0,479;1,086;0,692666666666667;1,758;0;2;0;1,75;33;57;"2"
"823";1,47666666666667;1,1525;1,37433333333333;0,89525;1;0,5;0;1,75;24;35;"1"
"824";0,486666666666667;1,174;0,268666666666667;1,04966666666667;2;1;0;0,333333333333333;22;29;"1"
"825";1,98833333333333;0,685333333333333;1,989;0,374666666666667;2;0;1,66666666666667;2,33333333333333;74;29;"1"
"826";0,991;2,14966666666667;1,56933333333333;1,393;1;1,33333333333333;1;2,33333333333333;42;59;"1"
"827";0,619;0,906;1,209;1,4175;1,5;0;0,75;1,75;47;34;"X"
"828";0,2965;1,59033333333333;0,53525;1,44366666666667;2;2;1,25;1,33333333333333;26;47;"X"
"829";1,009;2,09066666666667;2,04075;1,47633333333333;1,5;2,33333333333333;2,5;3;60;47;"2"
"830";1,978;1,218;0,620666666666667;1,46366666666667;2;2,33333333333333;0;3;13;78;"2"
"831";0,643333333333333;1,1855;1,56933333333333;1,31925;1;0;1;1;39;24;"1"
"833";0,36;1,8835;0,685333333333333;1,45675;2;1,5;0;0,75;28;28;"X"
"834";1,5375;0,283;0,64325;0,486666666666667;1,5;0;0;2;10;22;"1"
"835";1,55666666666667;0,851;0,796666666666667;1,04966666666667;1,33333333333333;1,33333333333333;1;0,333333333333333;31;29;"1"
"836";0,382;1,828;0,65925;1,319;0;2;0;2,25;33;44;"2"
"837";1,53;1,176;1,537;1,78033333333333;2;0;1,75;2;47;44;"2"
"839";1,33;1,931;1,33366666666667;2,0005;0,666666666666667;2;1;2,25;27;73;"X"
"840";0,401;0,7265;0,564;1,41025;1,5;0;0;1,75;25;44;"1"
"841";1,10466666666667;0,772333333333333;0,987666666666667;1,381;1,33333333333333;0;1,33333333333333;1;54;10;"1"
"842";1,23;1,4995;1,499;1,31925;2;0,5;2,33333333333333;1;41;24;"1"
"843";0,99325;0,248;2,2745;0,453;2;0;1,5;1,5;55;22;"1"
"844";0,99;0,623666666666667;0,80375;0,358333333333333;1,5;1,33333333333333;1,5;1,33333333333333;30;25;"X"
"845";1,18266666666667;1,12366666666667;0,851;0,643333333333333;1,33333333333333;0,333333333333333;1,33333333333333;1;29;36;"2"
"846";1,4155;0,744666666666667;1,537;0,533666666666667;2;0;1,75;0,333333333333333;44;33;"1"
"847";1,09533333333333;1,89966666666667;0,933333333333333;1,51166666666667;2;3;0,333333333333333;2;34;59;"X"
"848";1,081;0,954;0,987666666666667;0,92125;1;0;1,33333333333333;1,5;53;33;"X"
"849";2,12633333333333;0,734666666666667;2,032;1,13366666666667;2;2;2,33333333333333;1;70;30;"1"
"856";0,5065;1,08866666666667;0,64675;2,13933333333333;1,5;3;1;3;24;74;"X"
